pid,lab,subject,date,depth,theta,phi,ml_ccf_tip,ap_ccf_tip,dv_ccf_tip,selectable
47be9ae4-290f-46ab-b047-952bc3a1a509,angelakilab,NYU-11,2/21/2020,6843.143799,10.90089631,61.69823513,2684.558153,7329.9178,7444.664432,TRUE
6be21156-33b0-4f70-9a0f-65b3e3cd6d4a,angelakilab,NYU-11,2/21/2020,3084.056573,11.75967799,140.2743115,3558.806859,7395.909897,3644.325497,FALSE
1e176f17-d00f-49bb-87ff-26d237b525f1,angelakilab,NYU-12,1/22/2020,4508.939752,13.94757903,137.9244996,4068.081579,7879.710645,4926.001143,FALSE
701026df-e170-4ca7-88aa-eb0b95ef6ba1,angelakilab,NYU-12,1/22/2020,5637.052546,11.86668468,64.75698169,2496.26332,9465.712869,6116.581515,FALSE
6506252f-1141-4e11-8816-4db01b71dda0,angelakilab,NYU-12,1/23/2020,6187.260104,9.910472505,92.53639514,2803.958921,8127.530236,6869.933095,FALSE
d213e786-4b1c-477d-a710-766d69fa1ac1,angelakilab,NYU-12,1/23/2020,3614.328381,13.5150332,132.0945645,3741.229992,9326.778673,4089.242697,FALSE
73ff4936-8cd3-4a75-a772-f563e67d249d,angelakilab,NYU-21,8/19/2020,4649.392358,12.03118911,147.0368693,4763.12741,5427.307519,5522.265101,FALSE
ac088ddb-9e1e-49ae-b341-46a8445cf809,angelakilab,NYU-21,8/19/2020,6027.847711,20.18498139,45.13642633,4432.779129,6474.224727,6657.638411,FALSE
664600f8-a8b6-416c-adca-3ad7b423f771,angelakilab,NYU-27,9/28/2020,5971.444805,6.260512329,92.78798063,3481.673631,5525.410858,7085.833181,FALSE
7b05cccc-44f6-4491-a0ea-e38d6e95513d,angelakilab,NYU-30,10/20/2020,4848.648979,12.88692181,-141.1088512,3991.683502,3496.061686,6376.521826,FALSE
99993a2b-588e-4c0c-bfec-e3dfb4f61534,angelakilab,NYU-30,10/21/2020,4201.564918,12.20919452,-153.1899457,4343.040257,2849.231853,5906.533794,FALSE
298e2a70-9801-45f0-b91c-d6bb9718427e,angelakilab,NYU-30,10/22/2020,4301.520784,13.57544561,178.3238312,8209.244816,11704.53354,5381.343531,FALSE
9dff5593-e781-41a3-a6f9-20d06085e4f8,angelakilab,NYU-30,10/22/2020,4301.520784,13.57544561,178.3238312,8209.244816,11704.53354,5381.343531,FALSE
c4b5a9fa-10cb-4195-9c17-15b6a1f77f9a,angelakilab,NYU-37,1/25/2021,4513.631183,13.11612761,92.58515953,3046.198368,5298.2154,6070.880163,FALSE
f93bfce4-e814-4ae3-9cdf-59f4dcdedf51,angelakilab,NYU-37,1/25/2021,4629.298664,18.21792454,155.4612012,4416.550508,8151.063647,4972.251798,FALSE
511afaa5-fdc4-4166-b4c0-4629ec5e652e,angelakilab,NYU-37,1/26/2021,1836.388026,37.41108259,174.7853156,9211.042318,12276.39989,3258.637724,FALSE
decc8d40-cf74-4263-ae9d-a0cc68b47e86,angelakilab,NYU-37,1/26/2021,3532.603007,6.054515752,44.56081164,4209.520087,4936.440837,4462.898107,TRUE
16ad5eef-3fa6-4c75-9296-29bf40c5cfaa,angelakilab,NYU-37,1/27/2021,2871.958658,13.15514971,154.356377,9239.245385,11982.8709,4671.590864,FALSE
66f810a8-b18d-4b54-9f28-2964dfceccad,angelakilab,NYU-37,1/27/2021,6408.410972,15.46056859,54.04514019,5271.962086,6807.853021,6851.517113,FALSE
7332e6cf-9847-4aca-b2e3-d864989dd0fb,angelakilab,NYU-37,1/30/2021,5641.074242,8.098344555,22.55547694,5266.112726,11504.8189,6459.819917,FALSE
789fd2ee-c755-46c5-9c6f-260092520216,angelakilab,NYU-37,1/30/2021,4057.070126,14.78958069,-170.8868295,3747.575485,11435.96885,5747.658686,FALSE
b7c57ce1-a75b-410a-94b6-8abee5a92c4f,angelakilab,NYU-37,2/1/2021,3365.456753,13.74045992,172.2360841,5767.049473,9757.989144,4319.142875,FALSE
0909252c-3ad0-413f-96f5-7eff885b50aa,angelakilab,NYU-39,5/10/2021,5455.915056,10.11534502,34.75349186,3912.711068,10421.23284,6621.109282,FALSE
e45a00b1-14a0-4f5e-9ea5-9f76d042b11c,angelakilab,NYU-39,5/10/2021,3988.059513,16.12708336,153.6311224,4442.499638,7692.009318,4306.121243,FALSE
117f0d28-3cc0-4837-9e3e-46db5bc3e662,angelakilab,NYU-39,5/11/2021,4737.603089,14.42695433,149.5768787,3617.829127,6022.709052,5888.207797,FALSE
01864e9d-0dbe-41d4-9e3a-0285348ecfc1,angelakilab,NYU-39,5/12/2021,5651.663223,14.99726179,28.33972172,4112.785344,9819.245231,6584.157368,FALSE
a9e83d8a-7c90-4152-abad-53a1ad94d73a,angelakilab,NYU-39,5/12/2021,4183.324351,17.78471709,163.0538787,4847.278856,5747.431691,4858.407041,FALSE
0777b1bf-964b-49b7-888b-8a6c9df09c3b,angelakilab,NYU-39,5/13/2021,4403.002598,15.52842678,155.7167731,4374.464202,5809.760569,5242.283082,FALSE
9793c99d-f918-4931-8bba-fdb978bd8e0a,angelakilab,NYU-39,5/13/2021,5372.095552,14.85050658,22.45132699,4377.502935,9525.819527,6567.655935,FALSE
08ed0b3c-9f94-4c1f-8522-3d42a642a6b0,angelakilab,NYU-39,5/14/2021,5731.055816,12.67382167,32.25361664,1711.627329,6371.032037,6691.418007,TRUE
a85b9795-f99c-4c1d-a376-8b5ef095ffd7,angelakilab,NYU-39,5/14/2021,4373.240167,16.0792719,156.7537495,3687.911104,5428.058074,5727.156459,FALSE
43b9b189-5221-46a0-928a-e137bc326534,angelakilab,NYU-40,4/13/2021,5333.13511,6.227060804,46.49893452,3468.990077,10812.38369,6976.668786,FALSE
c410fda5-a6db-4697-a7e3-6ed65601844d,angelakilab,NYU-40,4/13/2021,4248.473163,15.74819275,163.362548,4954.805581,10355.14335,5014.001616,TRUE
ce0dc660-f19e-46a3-94f9-646bebae6805,angelakilab,NYU-40,4/14/2021,3353.374423,7.78998834,58.31759821,1386.279004,9786.787909,5197.427941,TRUE
ef7e9f3e-a53a-4e00-8f6a-537667af2bea,angelakilab,NYU-40,4/14/2021,2591.209721,14.950183,168.8826729,1955.933568,9903.895062,5028.498559,FALSE
4431f9fd-aaa8-4b10-905c-0c6869ea1088,angelakilab,NYU-40,4/15/2021,4542.357125,12.82513313,170.1486368,3368.427918,11122.51207,6479.034749,FALSE
5f7766ce-8e2e-410c-9195-6bf089fea4fd,angelakilab,NYU-40,4/15/2021,3254.687454,6.038475007,58.8799153,2673.046044,10843.10757,5411.628751,FALSE
7441d0df-ef9b-419b-ae4d-b9bd7c2f17cb,angelakilab,NYU-40,4/16/2021,1882.068014,6.118781551,89.46101326,8873.112874,12550.60077,4296.34598,TRUE
e9c04e7e-c075-4ee3-9750-dff255ec7e84,angelakilab,NYU-40,4/16/2021,2658.569811,14.02370649,170.4450887,8835.296047,12431.93811,4504.33259,FALSE
18be19f9-6ca5-4fc8-9220-ba43c3e75905,angelakilab,NYU-45,7/19/2021,6457.172412,11.49045263,-12.10684061,3442.310864,8205.21775,6502.757196,TRUE
1a60a6e1-da99-4d4e-a734-39b1d4544fad,angelakilab,NYU-45,7/19/2021,3932.005596,12.41320706,-179.577694,4295.202737,7418.77021,4315.086136,FALSE
76f16631-cbf7-4883-9437-4e8d8c4f34a3,angelakilab,NYU-45,7/20/2021,4969.319848,9.237221675,15.42146596,8056.032721,11987.11886,6979.87866,FALSE
e7080659-8319-48a6-b6fd-2e8ce8eeec49,angelakilab,NYU-45,7/20/2021,4151.912189,12.10271746,-176.4559908,5868.845657,8271.18923,4234.628856,FALSE
7c11adc6-adbd-484f-8ae9-13946285e3f8,angelakilab,NYU-45,7/23/2021,5070.029645,9.273782975,14.3327606,8058.384453,11077.26238,7078.76212,TRUE
e4632651-5ba7-48a7-86db-5298b45a5bac,angelakilab,NYU-45,7/23/2021,4410.625952,10.92616543,-148.4647291,4962.54416,10212.74879,5580.671252,TRUE
98bde8a6-6b6a-4e53-96b1-9078c3974a97,angelakilab,NYU-46,6/22/2021,4158.521234,15.98103701,154.1594145,2955.440382,4699.035142,6647.806324,TRUE
79fbd14b-bfad-4b28-90a9-3019bf72336f,angelakilab,NYU-46,6/23/2021,3919.295964,13.68244546,140.0789253,2860.998626,6169.931618,5333.072764,TRUE
f8249eab-d4c2-4fb0-a258-7f4b99fa19e4,angelakilab,NYU-46,6/24/2021,4288.588138,15.07129271,145.5309963,3244.342684,4631.114714,6441.073709,FALSE
7587e3bb-dd11-4853-b48b-feab0b56ae05,angelakilab,NYU-47,6/22/2021,5445.200138,14.08205995,25.52012092,3904.384236,11345.79495,6406.562327,FALSE
89606895-287e-4559-8536-9830b047af34,angelakilab,NYU-47,6/25/2021,4446.365448,17.84032033,19.91084452,6019.216083,12988.91151,6182.557662,FALSE
450cea3b-9289-4708-9df2-a2518bdc4b59,angelakilab,NYU-48,6/29/2021,4484.235986,9.626958246,171.01469,4940.708073,4442.121968,5546.08656,FALSE
afecbc7f-10e3-40af-b091-cca9e8df6108,angelakilab,NYU-48,6/29/2021,2995.895906,21.89668147,18.24563088,1063.901488,10049.8081,4304.765551,FALSE
9991277b-9e8e-4db8-b8a6-e2c0176ef9ad,angelakilab,NYU-48,7/1/2021,4247.250481,9.635003208,-164.1931619,5408.985823,10981.36335,5212.33864,FALSE
aeb06797-fddf-4ad2-b0ef-dd1b0f54d034,angelakilab,NYU-48,7/2/2021,6278.491401,19.68687818,19.87913935,4210.938458,9694.211244,6336.499272,FALSE
5e84c8e7-236f-4a64-a944-dc4a17c64f1d,churchlandlab,CSHL045,2/24/2020,6203.17437,12.76559779,42.62445489,3891.448645,6578.205282,6624.845567,FALSE
8fbfa285-d721-4a1a-8c18-f36652c17909,churchlandlab,CSHL045,2/24/2020,3834.374984,7.684860815,180,3397.461035,7700,4449.936806,FALSE
53b58cc3-8d88-4257-aa63-48da088f2091,churchlandlab,CSHL045,2/25/2020,6773.254429,10.44356386,45.12853591,3426.327961,6642.647095,7236.048235,FALSE
00a824c0-e060-495f-9ebc-79c82fef4c67,churchlandlab,CSHL045,2/26/2020,3581.762524,12.64931637,158.796438,5121.713435,8679.593846,3719.828267,TRUE
0ece5c6a-7d1e-4365-893d-ac1cc04f1d7b,churchlandlab,CSHL045,2/27/2020,6078.03954,12.88897136,24.77278238,5493.981084,11893.10112,6949.898159,FALSE
e070023a-2a5d-4398-ad66-f9ed5d517ad1,churchlandlab,CSHL045,2/28/2020,5374.649732,10.37852078,24.36178853,6642.968225,11774.39829,6461.715492,FALSE
0393f34c-a2bd-4c01-99c9-f6b4ec6e786d,churchlandlab,CSHL047,1/21/2020,4277.24716,15.4943722,153.5987683,4608.71347,8305.074903,4521.797873,FALSE
45c49ba2-a113-4446-9c6d-9b049c1f9f74,churchlandlab,CSHL047,1/22/2020,6767.91236,11.11865425,38.8601365,3083.718441,6918.869052,7140.878178,FALSE
f86e9571-63ff-4116-9c40-aa44d57d2da9,churchlandlab,CSHL049,1/8/2020,4381.272307,14.66322673,151.8957555,4453.29513,8122.45409,4663.576104,FALSE
fd555d39-b728-44aa-90d2-796b8bb58300,churchlandlab,CSHL049,1/8/2020,7051.607557,18.42337138,31.68970134,2778.703977,6020.705479,7565.192763,FALSE
531423f6-d36d-472b-8234-c8f7b8293f79,churchlandlab,CSHL049,1/9/2020,4399.801955,15.82752071,154.258897,4580.930108,7896.171907,4682.992699,FALSE
ae2b9f1b-ebe3-4b56-8957-31982186e6ec,churchlandlab,CSHL049,1/11/2020,3892.822923,18.43701213,136.8883079,5223.768838,5166.397085,4768.011756,FALSE
e55266c7-eb05-47bb-b263-1cc08dc3c00c,churchlandlab,CSHL051,2/5/2020,3899.164721,15.67241087,56.52140634,6968.968496,8103.555838,4129.20132,FALSE
f2ee886d-5b9c-4d06-a9be-ee7ae8381114,churchlandlab,CSHL051,2/5/2020,4075.534468,24.62396366,129.4818628,4348.145936,8678.772265,4229.913198,FALSE
04690e35-ab38-41db-982c-50cbdf8d0dd1,churchlandlab,CSHL052,2/17/2020,7001.142295,8.074595916,8.161379516,3151.563449,7414.60464,7256.733207,FALSE
b46e219c-6a87-4a93-9924-1070841381e9,churchlandlab,CSHL052,2/17/2020,3810.132708,15.83996183,171.2520217,4030.251813,6628.206673,4440.45379,FALSE
5810514e-2a86-4a34-b7bd-1e4b0b601295,churchlandlab,CSHL052,2/19/2020,4765.243122,14.00432199,171.7954288,4766.362602,6739.565817,5148.608062,TRUE
1841cf1f-725d-499e-ab8e-7f6fc8c308b6,churchlandlab,CSHL052,2/20/2020,5383.29103,8.595460344,34.15495653,2284.200015,8851.712442,5947.827121,TRUE
220bca21-4cf8-43f1-a213-71645899c571,churchlandlab,CSHL052,2/20/2020,4059.54598,7.71937231,169.5585374,3561.253673,7823.822157,4597.757728,FALSE
461ecb39-ab58-4a6c-acd7-22da5b4b4b22,churchlandlab,CSHL052,2/21/2020,6117.236392,8.058740464,22.46769909,3182.528589,8627.729115,6356.827863,FALSE
8d59da25-3a9c-44be-8b1a-e27cdd39ca34,churchlandlab,CSHL052,2/21/2020,3636.51953,7.911035391,180,3911.666322,7324,4076.910674,FALSE
43d4f889-4b05-44df-8306-ea10f854776f,churchlandlab,CSHL053,1/29/2020,3986.17823,23.13549352,130.7614793,5872.58789,7586.290954,4040.602906,FALSE
188fe7d5-fd1c-494f-88bc-672d77b9779e,churchlandlab,CSHL053,1/30/2020,3979.448684,21.70391702,144.0358852,5266.124127,7314.263039,4122.33479,FALSE
0ce74616-abf8-47c2-86d9-f821cd25efd3,churchlandlab,CSHL053,2/1/2020,2810.689986,15.40174685,142.7312616,5444.050605,11477.03328,3809.750541,FALSE
04db6b9e-a80c-4507-a98e-ad76294ac444,churchlandlab,CSHL053,2/2/2020,4136.803388,14.46745729,51.71552229,4034.679418,11461.23824,5105.624088,FALSE
e10a7a75-4740-41d1-82bb-7696ed14c442,churchlandlab,CSHL054,2/11/2020,4094.386984,17.27550031,-10.81410794,6612.497179,9294.150734,4534.680465,FALSE
0eb65305-bb95-4bf1-a154-1b810c0cff25,churchlandlab,CSHL055,2/17/2020,4028.640124,19.08466583,-170.1077029,3682.235779,7439.99693,4707.21177,FALSE
f9656eee-141c-453d-a016-4aba68f674dc,churchlandlab,CSHL055,2/17/2020,5932.956881,5.73506182,-51.59532906,2070.2615,6914.354969,6778.260091,FALSE
d585f4b5-d154-4666-92c4-eb219f1e0f02,churchlandlab,CSHL058,7/7/2020,3874.275088,14.63388282,29.0490158,6819.325877,7900.265302,4123.593355,FALSE
eeb27b45-5b85-4e5c-b6ff-f639ca5687de,churchlandlab,CSHL058,7/7/2020,3402.613094,14.94005525,151.4368983,3995.456218,7619.422928,3837.591442,FALSE
acf04c3f-650a-4de0-b0d0-edf695dd2025,churchlandlab,CSHL058,7/8/2020,3530.863743,24.53711434,155.9995906,5614.533172,3696.410062,4762.000107,FALSE
5458cb27-d065-4626-bcd8-1aa775e1115e,churchlandlab,CSHL058,7/11/2020,3711.127966,18.02001517,32.97805989,5211.937894,3949.895665,4954.091606,FALSE
bf591043-03c2-48bb-9197-e17e85aaeb8f,churchlandlab,CSHL058,7/11/2020,4091.669393,13.84435133,155.8601201,4168.455184,5800.408362,4947.80372,FALSE
2d2cdf86-4a0c-42d8-aed3-5b187f160013,churchlandlab,CSHL059,3/3/2020,4984.591083,7.312126355,0.117259645,3190.589816,4676.298365,6069.054034,FALSE
79628a45-c2e3-4206-97df-4c91edaff90f,churchlandlab,CSHL059,3/3/2020,4229.182476,11.85430756,177.4335822,4342.903237,4888.901525,5288.987202,FALSE
c42574be-0456-437f-8329-afc5a63b7e78,churchlandlab,CSHL059,3/5/2020,6335.581699,8.75587839,8.855230799,3747.063018,5723.463187,6886.746182,FALSE
e88eb9f8-fff3-469a-854d-d16adef19df0,churchlandlab,CSHL059,3/5/2020,3610.387462,11.75032074,-174.3388943,5131.659446,5727.472268,4084.729383,FALSE
69f42a9c-095d-4a25-bca8-61a9869871d3,churchlandlab,CSHL059,3/6/2020,4252.492263,14.85820571,166.5255418,4382.35805,7998.064118,4585.303326,FALSE
8169d556-f994-4735-b4c8-f7c85ddc39b0,churchlandlab,CSHL059,3/6/2020,4116.231989,16.07153484,8.485265368,6647.946913,8068.142908,4330.356506,FALSE
5a9f8899-556a-43ea-892d-5e35b969ff38,churchlandlab,CSHL059,3/7/2020,7088.206621,9.134035652,0.546592008,2549.836699,7485.734192,7373.325901,FALSE
50f1512d-dd41-4a0c-b3ab-b0564f0424d7,churchlandlab,CSHL059,3/8/2020,4550.752484,15.88952996,171.1133983,4455.964788,8417.469039,4901.874402,FALSE
f4ff3ff8-19b7-40c7-bf6f-8b577b811ed1,churchlandlab,CSHL059,3/8/2020,6645.948404,7.914091504,3.449952916,3261.589993,5655.065756,7232.649931,FALSE
35897454-8702-4dc4-9865-7f01fa65f355,churchlandlab,CSHL060,3/9/2020,6331.682527,14.67597848,33.38018549,5960.476079,12082.58878,7350.105413,FALSE
9f99bd34-40d4-4aac-ae2b-7bc7f7086ccb,churchlandlab,CSHL060,3/9/2020,3316.494204,24.57731374,135.1813002,4978.46371,3347.290943,5041.022694,FALSE
62a97aee-9f8b-40be-9ea7-f785ede30df8,churchlandlab,CSHL060,3/11/2020,4291.1772,25.45704945,131.3700689,5594.06379,3759.213485,5774.537168,FALSE
e52942b9-62b8-4cbf-9597-d73aea5cdb3e,churchlandlab,CSHL060,3/11/2020,5552.965448,15.06349757,30.82633041,5610.726021,12539.52766,6537.156665,FALSE
7bc16ab1-1b0d-4f52-9e4b-210106ea344c,churchlandlab,CSHL060,3/12/2020,6059.501397,13.33827086,34.95939511,6029.318686,12401.00528,7096.046306,FALSE
8d0a5caf-2be2-48c1-bf1a-f538bacd46b4,churchlandlab,CSHL060,3/12/2020,3309.388992,19.87282093,166.7666735,7520.09949,11807.52537,4037.313173,FALSE
516b2043-0176-49a3-a986-132b3d02f28a,churchlandlab,CSHL060,3/14/2020,5850.7513,17.82899612,29.78311203,5145.251988,5089.804115,6619.766425,FALSE
44f5caad-c703-4279-866b-0303e57d2a7f,churchlandlab,CSHL060,3/15/2020,4576.599155,17.07026771,147.043885,3927.259149,10030.82372,5249.979236,FALSE
f74a6b9a-b8a5-4c80-9c30-7dd4cdbb48c0,churchlandlab,CSHL060,3/15/2020,5602.080294,19.18848044,33.51187544,5339.798677,4891.585245,6465.842557,FALSE
e42e948c-3154-45cb-bf52-408b7cda0f2f,churchlandlab_ucla,UCLA005,8/2/2021,4332.211011,11.56157361,137.4284138,4164.419198,8637.391136,4669.309954,FALSE
f967a527-257f-404a-871d-b91575dca3b4,churchlandlab_ucla,UCLA006,12/8/2021,4068.220404,17.91443423,158.36844,4513.240202,6811.300723,4520.980642,FALSE
c07d13ed-e387-4457-8e33-1d16aed3fd92,churchlandlab_ucla,UCLA011,7/20/2021,4588.243939,9.899893023,-180,4288.844213,7650,4944.923368,FALSE
ad256265-03f2-4b4e-954b-0ba0c5cf6707,churchlandlab_ucla,UCLA012,7/7/2021,5120.249866,21.28107089,-3.890383442,6220.921348,7298.91423,5271.1061,FALSE
94e948c1-f7be-4868-893a-f7cd2df3313e,churchlandlab_ucla,UCLA014,8/18/2021,4914.688297,11.7829279,179.7630181,4478.592268,8354.150996,5236.12735,FALSE
3d3d5a5e-df26-43ee-80b6-2d72d85668a5,churchlandlab_ucla,UCLA015,3/31/2022,4356.774776,14.99134699,146.6418178,4166.309985,8594.694323,4708.491524,FALSE
eebcaf65-7fa4-4118-869d-a084e84530e2,churchlandlab_ucla,UCLA033,2/15/2022,4483.52925,23.2001436,52.03714383,6388.484043,8967.536852,4445.965752,FALSE
2e720cee-05cc-440e-a24b-13794b1ac01d,churchlandlab_ucla,UCLA033,2/24/2022,6483.211333,31.35601283,133.1411627,5256.838358,11711.59411,6311.341791,FALSE
a94a0023-d461-49fa-8cc6-032237039c27,churchlandlab_ucla,UCLA034,1/25/2022,4388.889475,15.21514319,25.61606598,6586.374006,8672.984335,4585.046454,FALSE
f9d8aacd-b2a0-49f2-bd71-c2f5aadcfdd1,churchlandlab_ucla,UCLA034,1/25/2022,4858.866469,16.24691493,162.7324467,4448.131162,8378.516524,5189.827249,FALSE
6358854e-51d2-47de-a278-5cbfd155feb6,churchlandlab_ucla,UCLA034,1/26/2022,4060.816828,27.27203938,148.0277106,5753.465777,4635.273714,4959.420287,FALSE
c872ca65-8319-4901-856e-7dc507e2dd9c,churchlandlab_ucla,UCLA034,1/27/2022,5291.015521,22.27127023,147.244676,5636.395644,4384.947676,6471.305088,FALSE
f083fcd5-e456-433d-8aa5-6ace0a7ac170,churchlandlab_ucla,UCLA034,1/27/2022,4988.467472,8.221838826,45.11001301,3721.532451,9655.404676,5312.194979,FALSE
501ab543-9d02-4085-956d-22b9b3eeb543,churchlandlab_ucla,UCLA034,1/28/2022,3999.36589,18.83595168,159.5916056,3610.184224,7475.265315,4735.187289,FALSE
54455bff-7afd-4a16-835f-f79b7c30bae9,churchlandlab_ucla,UCLA035,2/18/2022,2771.519826,27.89390379,167.3596892,6015.190112,7283.73825,2699.511938,FALSE
7c94d733-b913-4064-83f2-37422712204c,churchlandlab_ucla,UCLA035,2/18/2022,3383.0762,17.44439479,43.45863661,2813.836852,4972.583383,4627.482892,FALSE
6ad5a0a6-362a-4aec-8743-2e91469b0b62,churchlandlab_ucla,UCLA035,2/24/2022,4430.336567,26.93136266,151.8838442,5944.80957,3870.631713,5624.865421,FALSE
80f6ffdd-f692-450f-ab19-cd6d45bfd73e,churchlandlab_ucla,UCLA036,3/9/2022,4310.896033,18.77552453,153.0304527,4486.615542,8154.259418,4606.499626,FALSE
ac839451-05bc-493e-b167-558b2b195baa,churchlandlab_ucla,UCLA036,3/9/2022,3692.288125,17.17806793,16.64108927,6580.183375,7987.289411,3877.580636,FALSE
02cc03e4-8015-4050-bb42-6c832091febb,churchlandlab_ucla,UCLA037,2/2/2022,4613.776792,20.35065042,155.6087836,4961.301142,8187.605496,4750.793478,FALSE
afe87fbb-3a17-461f-b333-e22903f1d70d,churchlandlab_ucla,UCLA037,2/2/2022,4393.861121,17.30262973,29.25650922,6834.880424,7963.667801,4670.026381,FALSE
e05af01e-8721-4ec7-8d0f-dc022b3bebc3,churchlandlab_ucla,UCLA037,2/8/2022,5963.249353,14.18894722,144.3030841,6087.079673,6377.906389,6406.326439,FALSE
5245b505-d0e7-4942-94d1-b33a084fab03,churchlandlab_ucla,UCLA037,2/9/2022,2163.170237,24.84075047,23.38171587,2740.882094,3660.639065,3713.031395,FALSE
29418b18-4db6-436f-a85e-b0f1d38d2e62,churchlandlab_ucla,UCLA037,2/10/2022,2453.297126,18.91738027,7.515155133,1936.462284,10079.02516,3545.787329,FALSE
53ecbf4f-e0d8-4fe6-a852-8b934a37a1c2,cortexlab,KS014,12/3/2019,4686.575001,5.786074619,-29.23769679,6687.718156,8569.227355,4937.698028,FALSE
b543e81e-4c8f-415e-82ec-631b177d19d2,cortexlab,KS014,12/3/2019,3152.238488,13.43355586,-174.3918263,5100.24576,8806.909387,3340.993198,FALSE
9150758e-1390-41d1-b426-96675e60dbea,cortexlab,KS014,12/5/2019,3960.056279,10.43749044,-35.96025925,7044.30718,8378.717043,4269.529786,FALSE
fe2d6fc9-b0c4-4256-b427-9c06950da925,cortexlab,KS014,12/5/2019,5272.660272,11.21332703,167.3924796,5850.612038,8873.801192,5397.004922,FALSE
ea931b15-6214-4b80-8d88-7acbbe071bc0,cortexlab,KS014,12/7/2019,3912.990119,9.601120849,-36.07619386,7122.513809,8665.686063,4283.179983,FALSE
31811232-52ef-456c-9772-5021c00b2bc9,cortexlab,KS016,12/5/2019,4728.218612,9.248071166,-12.84784125,7814.325508,7520.453003,5341.760173,FALSE
fa539f97-a078-4fc6-9a12-237799466d9c,cortexlab,KS016,12/5/2019,5278.794499,12.13035404,-178.8579886,4021.727102,8484.327234,5810.92983,FALSE
c0c3bcca-6a79-47ef-becb-b1a157a3f2cb,cortexlab,KS016,12/8/2019,4858.330502,1.412941367,-25.48534026,6494.876238,9233.958147,5281.853306,FALSE
d595ee58-75bb-4df3-96de-d9b4f4d1f6ab,cortexlab,KS016,12/8/2019,4895.179106,6.284511872,167.958771,5507.378776,9349.975298,5340.761931,FALSE
15a2a63f-739d-4eb0-ab8f-fc95b6299b68,cortexlab,KS016,12/9/2019,5837.460939,7.539717004,162.509116,5180.539217,9530.210349,6211.991089,FALSE
46448da7-ad7b-4ca8-b3ab-2d1d47439cbf,cortexlab,KS016,12/9/2019,4816.073224,2.22503583,-64.94754073,6970.823142,9030.609768,5187.442132,FALSE
3675290c-8134-4598-b924-83edb7940269,cortexlab,KS022,12/9/2019,4734.241532,3.24179245,-13.55848534,4689.7408,9262.23625,5251.665711,FALSE
82765a73-2a03-42ca-ba98-194247caa62e,cortexlab,KS022,12/9/2019,4887.163993,4.86618985,134.1068982,3581.364767,8037.514163,5344.548343,FALSE
adca9242-0725-41d4-8eb1-5655a464431d,cortexlab,KS023,12/6/2019,4325.663855,15.01659584,124.5138641,5535.037085,5073.505888,5252.945974,FALSE
e8129a86-b5a9-4d2e-9e9c-09689c9bf0b3,cortexlab,KS023,12/6/2019,6824.924089,10.70290246,4.009231881,3206.935707,7586.750803,6931.193545,FALSE
6a22a5b4-79ec-4b3c-b023-1ec7b4a2b675,cortexlab,KS023,12/7/2019,4209.184912,15.81966562,133.4140594,5943.125115,4669.962563,5249.759854,FALSE
aab5be05-5c1c-4c08-9739-1274bc3bcf4f,cortexlab,KS023,12/7/2019,6188.253685,10.25608308,10.47898553,3931.031249,7915.054447,6264.376529,FALSE
26af22bb-b295-4a45-8ed3-1700604c0708,cortexlab,KS023,12/8/2019,4151.521675,15.82933284,126.0561997,5441.519423,5015.495547,5069.089631,FALSE
f44d2056-644c-4769-a189-7efe67b0269d,cortexlab,KS023,12/8/2019,5629.135409,11.34148109,10.61833172,4087.984938,8099.831758,5694.212693,FALSE
45e7731f-4a43-45d5-9029-c080150bc596,cortexlab,KS023,12/10/2019,4261.706606,16.00778043,37.58403358,5768.668286,4266.808613,5371.455766,FALSE
b749446c-18e3-4987-820a-50649ab0f826,cortexlab,KS023,12/10/2019,4054.062191,9.867575428,147.0040114,4107.693756,7678.347752,4444.088283,FALSE
10ef1dcd-093c-4839-8f38-90a25edefb49,cortexlab,KS042,11/23/2020,4426.386325,12.89279316,154.033821,5512.948042,9832.432554,4789.793884,FALSE
b98f6b89-3de4-4295-be1c-59e465de1e32,cortexlab,KS042,11/23/2020,4507.425375,4.875019757,46.82932723,1837.92557,6154.367343,5941.119503,TRUE
530f1670-9412-44ac-afdb-935d46bcaad3,cortexlab,KS042,11/24/2020,3875.245486,11.57556745,5.330746306,6450.75569,9072.243548,4121.426503,FALSE
97207d87-3fcd-4ebb-b0c7-087bdbf8a95c,cortexlab,KS042,11/24/2020,3895.242292,16.83138669,168.2216271,4979.143147,9455.232592,4153.374093,FALSE
0c42a3d2-beb7-4b7b-a9b5-1eea6c51e1f4,cortexlab,KS043,12/6/2020,3947.220763,15.25365568,150.1325105,5800.553075,5892.161259,4483.162305,FALSE
f0dfd1c1-d315-4cf8-9130-05d3be2ea0cb,cortexlab,KS043,12/6/2020,5672.563352,3.715092138,31.73497381,4462.398351,10768.33041,6760.642944,FALSE
1d547041-230a-4af3-ba6a-7287de2bdec3,cortexlab,KS043,12/7/2020,3449.148827,8.494555451,161.9714271,5634.477585,10832.68347,4536.311335,FALSE
aac3b928-e99a-4039-ace1-af45d0130d82,cortexlab,KS043,12/7/2020,5876.9054,10.58832543,-7.02E-13,1745.112379,7125,6501.838218,FALSE
50445b30-f4ef-4405-b014-1d792ddfed88,cortexlab,KS044,12/7/2020,4691.805653,16.42099889,169.4009674,5203.711316,10068.96016,5200.428928,FALSE
825ba9b8-ce03-49b7-b1a8-4d85ae2185af,cortexlab,KS044,12/7/2020,5107.858979,2.313318359,-122.0415029,3834.38214,9850.233809,6003.696276,FALSE
3017e4dc-2150-43ad-9b08-b95b48ba8dfa,cortexlab,KS044,12/9/2020,6879.137176,5.541502922,27.20751824,3134.20415,7403.72583,7271.987598,TRUE
70da415f-444d-4148-ade7-a1f58a16fcf8,cortexlab,KS044,12/9/2020,4108.128997,16.33231924,141.7705495,3982.485215,8114.876058,4517.352934,FALSE
437f43e1-9c8f-4be9-ac89-97885b0e03d0,cortexlab,KS045,12/6/2020,3825.823061,10.0242321,159.5274239,4848.87961,10932.91873,5042.418903,FALSE
aecd7612-b5c5-4ad2-9e76-e5b783387e47,cortexlab,KS045,12/6/2020,5865.505327,19.06379989,10.9831614,5019.295151,10914.99842,6693.814406,FALSE
63435e73-6a72-4007-b0da-03e6473e6870,cortexlab,KS046,12/2/2020,4112.189407,16.15752164,178.4688155,2643.927676,8930.577845,5724.759003,FALSE
8d661567-49f3-4547-997d-a345c0ffe2dd,cortexlab,KS046,12/2/2020,3674.827369,5.456046859,-9.303924595,1230.186208,6218.510324,5483.178311,FALSE
1a276285-8b0e-4cc9-9f0a-a3a002978724,cortexlab,KS046,12/3/2020,4453.951449,2.373909164,-39.09434699,2681.819066,4733.663466,5875.129047,FALSE
72274871-80e5-4fb9-be1a-bb04acebb1de,cortexlab,KS046,12/3/2020,2795.492762,18.59584649,-180,2641.456371,9025,4199.544361,FALSE
ad315779-2b39-46c4-8348-b166e796fa7c,cortexlab,KS046,12/4/2020,4327.411948,17.34817054,15.7585392,5433.160859,3475.43467,5555.559921,FALSE
df350b09-a420-42bb-9952-17862cbb9f1c,cortexlab,KS046,12/4/2020,4468.388346,10.290208,135.728758,5046.550238,3482.192725,5971.516917,FALSE
41ea689a-7e05-463b-915a-90e63b8c0572,cortexlab,KS046,12/5/2020,3932.353765,7.106874805,7.542619136,2667.696609,3938.861459,5677.141885,TRUE
cc9d666c-6fe5-418d-9b37-114428d25454,cortexlab,KS046,12/5/2020,4026.988465,10.65245968,135.1245903,4277.509265,8650.220089,4307.589409,FALSE
a8adabd7-7979-4fcf-99e7-d9bd9d27896f,cortexlab,KS051,5/12/2021,6145.439131,9.214806118,21.17165581,4032.317007,4405.423598,7141.131725,FALSE
082187a0-121f-47d5-962a-a9ad467e7124,cortexlab,KS051,5/13/2021,6513.549938,3.741649252,-47.29361227,4536.707142,5112.6499,7174.665948,FALSE
2122d807-13ab-494e-a1cc-e55cf24d3e9f,cortexlab,KS051,5/13/2021,4009.995825,13.707664,149.5086425,4943.828173,5907.160302,4620.780844,FALSE
1df6ebb3-9d16-4c0f-96cc-e1b1596d2006,cortexlab,KS052,5/13/2021,4991.213469,6.997484895,102.8263239,1659.986843,8067.885842,6529.036417,FALSE
2c401cbd-b95c-4ebe-8a83-92b55ab49542,cortexlab,KS052,5/13/2021,3392.504643,16.50865732,136.0717366,4119.292155,3043.792233,5652.654778,FALSE
8abf098f-d4f6-4957-9c0a-f53685db74cc,cortexlab,KS055,5/2/2021,4171.383888,18.34547848,148.1883319,4615.705499,8167.081315,4409.377254,FALSE
8b735d77-b77b-4243-8821-37802bf402fe,cortexlab,KS055,5/2/2021,3490.94607,7.55878839,44.90864969,1474.771562,9624.193023,5085.611191,FALSE
0a0184b3-9e1a-4c36-98f4-00ae3beb8f01,cortexlab,KS055,5/3/2021,4332.755666,4.539508274,13.02157694,1890.895704,9327.266592,5519.163791,FALSE
625a7bc9-00cf-44f6-a508-3ed89d23ba3a,cortexlab,KS055,5/3/2021,3946.170943,11.50730155,162.2109745,2374.593505,9390.509776,5616.850105,FALSE
bbe6ebc1-d32f-42dd-a89c-211226737deb,cortexlab,KS084,1/31/2022,3930.408093,8.921150594,156.5755631,3984.27581,7842.303509,4332.860718,FALSE
f639f4f3-ac14-4114-b712-f445463597e4,cortexlab,KS084,1/31/2022,6409.700201,7.840787733,7.53159948,5183.127201,7114.612384,6674.775762,FALSE
507b20cf-4ab0-4f55-9a81-88b02839d127,cortexlab,KS086,3/15/2022,5227.932751,0.519786517,1.208170994,3002.583461,4651,6652.717621,FALSE
f2a098e7-a67e-4125-92d8-36fc6b606c45,cortexlab,KS086,3/15/2022,4389.918192,15.4701826,160.2529477,4577.09321,7970.627886,4655.868808,FALSE
4279e354-a6b8-4eff-8245-7c8723b07834,cortexlab,KS086,3/16/2022,4955.668174,0.328212014,2.018741949,2996.629822,5026,6205.586865,FALSE
3282a590-8688-44fc-9811-cdf8b80d9a80,cortexlab,KS094,6/15/2022,3122.870096,15.29486367,24.83737316,1027.424581,7821.020261,4362.261378,FALSE
ff5fceaf-8247-42ab-a187-f7876441899d,cortexlab,KS094,6/15/2022,4095.268361,13.10443918,158.0625972,5111.276159,2496.88407,6113.621036,FALSE
100433fa-2c59-4432-8295-aa27657fe3fb,cortexlab,KS094,6/16/2022,3902.769604,8.395976761,30.3074991,1033.025382,8387.573141,5410.942015,FALSE
d591a59c-b49b-46ba-a914-df379ada9813,cortexlab,KS094,6/16/2022,3933.090809,13.78404011,152.9900686,5109.897158,2500.583655,5994.820493,FALSE
6b6af675-e1ef-43a6-b408-95cfc71fe2cc,cortexlab,KS094,6/17/2022,3412.947366,14.74631324,179.0906717,4143.621268,6988.786848,3875.532797,FALSE
b2ea68e2-c732-4d17-8166-1a8595fff225,cortexlab,KS094,6/17/2022,3747.521539,16.22347762,20.90458206,1021.918059,7823.582802,4773.292553,FALSE
49a86b2e-3db4-42f2-8da8-7ebb7e482c70,cortexlab,KS094,6/20/2022,3667.058944,9.545260972,58.7959093,2109.952616,4545.121253,5816.288197,FALSE
1c4e2ebd-59da-4527-9700-b4b2dad6dfb2,cortexlab,KS096,6/15/2022,4204.074885,9.358557924,-29.83277017,7331.960085,10609.91225,5523.118805,FALSE
3c283107-7012-48fc-a6c2-ed096b23974f,cortexlab,KS096,6/15/2022,5898.555722,7.546518653,179.4352705,5374.626223,8757.635265,6072.465735,FALSE
4ea45238-55b1-4d54-ba92-efa47feb9f57,cortexlab,KS096,6/16/2022,4283.092635,11.29737999,-12.48981092,2355.793444,11018.53911,5675.101794,FALSE
d4291925-ad00-47fe-baaf-3fdff0991e86,cortexlab,KS096,6/16/2022,3862.056726,10.82233168,-153.9189268,5726.31528,8456.190681,4068.366734,FALSE
ad714133-1e03-4d3a-8427-33fc483daf1a,cortexlab,KS096,6/17/2022,4141.378055,9.988972847,180,4368.357798,7525,4478.599548,FALSE
d7ec0892-0a6c-4f4f-9d8f-72083692af5c,cortexlab,KS096,6/17/2022,4570.527468,9.465636262,-37.25167018,7051.697678,10720.01282,5733.297054,FALSE
be9a2119-a4d7-4e62-82a1-b1a6623ecc99,cortexlab,KS096,6/20/2022,6138.560431,5.936800824,-1.76E-12,2690.080047,8650,6630.636807,FALSE
f336f6a4-f693-4b88-b12c-c5cf0785b061,cortexlab,KS096,6/21/2022,6050.309556,5.722360797,-1.85E-12,2696.735238,8650,6545.159247,FALSE
44fc463b-405f-4048-9242-ac018b9f50f7,danlab,DY_008,3/3/2020,4050.258214,16.52219437,153.0619358,4251.861374,7371.814572,4483.021616,FALSE
818d2996-766a-4fd9-82b8-7e4cb080af0e,danlab,DY_008,3/4/2020,4372.489914,16.02887292,155.9222652,3577.292223,7017.565166,5202.499192,TRUE
febb430e-2d50-4f83-87a0-b5ffbb9a4943,danlab,DY_009,2/27/2020,4987.962951,12.560437,170.1057937,4336.24041,8066.725579,5343.586823,FALSE
1a166c4f-4c53-422e-8473-b3cff85e6750,danlab,DY_009,2/29/2020,3899.005923,11.16910144,171.0499119,5221.062317,8067.498536,4000.157814,TRUE
c16b8e98-100f-40ce-b417-b1524c7e1270,danlab,DY_009,3/2/2020,4286.254995,15.06614013,178.3383243,3163.674464,8982.307524,5388.92103,FALSE
b76f24ea-95b1-4a0e-95eb-9c39b1283c40,danlab,DY_009,3/3/2020,4357.641908,15.04106475,170.4955571,4015.333693,9036.73176,4908.34944,FALSE
07abb39b-063b-4ef8-b3ab-963c6a1b5cc5,danlab,DY_009,3/4/2020,4810.128148,11.94860848,170.420196,4959.268075,9028.245294,5055.910439,FALSE
b9b101cf-24d3-4c2a-8464-bc91b9f0c767,danlab,DY_009,3/5/2020,4799.916716,14.92830378,162.126161,3501.826781,10029.51139,5962.914435,FALSE
c6ba6f8e-c13e-410f-b7df-e193ba0d239d,danlab,DY_009,3/6/2020,3830.142537,11.00246079,169.27668,4018.222006,9886.012241,4584.74064,FALSE
9373cd09-a591-42be-9343-ed6f06b7056d,danlab,DY_009,3/7/2020,4103.998482,14.30701648,170.5677648,3450.459104,10891.20328,6276.714925,TRUE
63679ae2-6c87-495b-b888-a7273e545636,danlab,DY_009,3/9/2020,4383.859654,13.59265711,-179.9443884,4405.283456,11099,5636.072689,FALSE
c2363000-27a6-461e-940b-15f681496ed8,danlab,DY_010,1/21/2020,4043.759111,11.56244802,157.3364869,3947.929376,7087.306146,4586.698407,FALSE
b40d8c65-7ee8-4069-8b64-1a3f7907742f,danlab,DY_010,1/23/2020,3830.589849,12.23058393,172.3113891,4304.201548,8708.569541,4193.646767,FALSE
ccb501d1-a4fa-41c6-819e-54aaf74d439d,danlab,DY_010,1/24/2020,4179.218062,13.45756117,157.0360582,5253.799213,7188.022864,4389.467458,FALSE
eb99c2c8-e614-4240-931b-169bed23e9f5,danlab,DY_010,1/28/2020,3838.012112,7.150651223,168.1907775,3417.638831,7622.773402,4433.161139,FALSE
2aea57ac-d3d0-4a09-b6fa-0aa9d58d1e11,danlab,DY_010,1/29/2020,4239.138916,6.967198762,-180,4464.212218,7075,4582.836088,FALSE
26118c10-35dd-4ab1-9f0f-b9a89a1da070,danlab,DY_011,1/31/2020,3983.87422,20.83711508,158.9453731,4847.50478,5384.109248,4848.310715,FALSE
898f8971-31e9-4fdb-b66e-2ae6d3a33a5b,danlab,DY_011,2/1/2020,3743.79187,21.22066373,156.1555842,5586.150671,5360.739018,4414.937775,FALSE
b7612153-372f-415a-9770-7101fbbbdc59,danlab,DY_011,2/7/2020,3785.925889,19.18126466,161.8283483,4731.85811,6262.92732,4275.745886,FALSE
0e8d3cb3-2e4c-47a0-8bb4-65d2cc3161c6,danlab,DY_011,2/8/2020,3882.314095,23.49466825,164.5769373,5767.001352,6211.611837,4135.459295,FALSE
0925fb1b-cf83-4f55-bfb7-aa52f993a404,danlab,DY_013,3/6/2020,4820.479439,20.98832038,176.4489884,4473.272956,10406.93998,6100.657305,FALSE
9f78a787-c6d5-4e51-b4fb-1552e81eccd5,danlab,DY_013,3/7/2020,4380.081969,20.38906888,169.2384884,4699.153122,6459.935185,4855.663151,FALSE
5c278ffe-6452-4c36-b17f-2050c74e13b1,danlab,DY_013,3/12/2020,5905.203046,5.084112077,100.7023608,3397.181983,6589.204979,6631.970071,FALSE
c4f6665f-8be5-476b-a6e8-d81eeae9279d,danlab,DY_013,3/12/2020,3864.111642,18.53145599,175.8814522,4555.392967,7932.329444,4138.754782,FALSE
57acb640-4f64-4a89-bedf-69351a3aea75,danlab,DY_014,7/13/2020,4925.321875,18.96116634,30.67961818,4723.626626,3516.568615,6458.069085,FALSE
bebe7c8f-0f34-4c3a-8fbb-d2a5119d2961,danlab,DY_014,7/13/2020,3081.762169,20.88150346,156.249766,4136.688648,6720.140132,3654.350765,FALSE
4755877d-fd14-42b3-bc15-e1996d153015,danlab,DY_014,7/14/2020,5385.550025,15.02116854,32.99631224,4954.330693,4610.134416,6426.526518,FALSE
695476f6-4c14-4a2f-b658-948514629079,danlab,DY_014,7/14/2020,3871.847546,22.06690348,148.906915,3870.625783,6651.204487,4713.21845,FALSE
4f46198d-c54d-4627-9e4e-3c8fd4c3c070,danlab,DY_014,7/15/2020,5668.471583,13.17740837,29.15088497,4423.313843,4611.018434,6994.214295,FALSE
af775340-53d0-43cd-9cda-48e32b95adca,danlab,DY_014,7/15/2020,3576.421418,22.01770663,153.6999492,4252.812187,6062.27026,4365.586002,FALSE
b910cbe2-0c68-40b2-b9f1-268e7c28320a,danlab,DY_014,7/16/2020,5632.106057,13.23933675,45.09357578,4889.421631,5488.557561,6757.415367,FALSE
ecde7e20-f135-47dd-8f96-adac49e4942e,danlab,DY_014,7/16/2020,3562.546564,22.30157371,149.2124338,4236.395921,5466.989364,4646.065572,FALSE
091392a5-73f6-40f3-8552-fa917cf96deb,danlab,DY_014,7/17/2020,4894.993657,18.7882035,41.6469868,5046.92932,6922.669004,5159.166811,FALSE
d258bca2-bf18-4491-8d57-5322f705caec,danlab,DY_014,7/17/2020,3917.786217,22.54328502,149.4599879,4782.789895,4363.098903,5293.428817,FALSE
1ef94d02-d51a-491f-a313-1bb5238d6b8b,danlab,DY_014,7/18/2020,5949.886712,11.98900535,36.98158947,3587.700114,4493.48656,7045.104686,FALSE
b375a0ee-4c5a-4a53-9cea-d753f206e5c5,danlab,DY_014,7/18/2020,3072.941901,18.64998619,148.1722963,5309.925413,5893.234758,3611.581051,FALSE
954b1983-e603-4611-ba15-dc2db6f988ab,danlab,DY_014,7/19/2020,3647.157758,22.37453475,146.6838271,4960.157026,7112.549592,3897.582616,FALSE
d1af1003-247b-4f76-988f-d55cbb72aa80,danlab,DY_014,7/19/2020,6190.115334,9.305466659,59.26052269,4216.459594,4935.814047,7183.655231,FALSE
03c42ea1-1e04-4a3e-9b04-46d8568dcd02,danlab,DY_016,9/11/2020,4762.651864,13.87917113,68.04713571,7922.90534,11809.60529,6348.60028,TRUE
95fd67e6-cbff-4356-80c7-5a03b1bf6b8a,danlab,DY_016,9/11/2020,4330.450215,9.635401588,-179.9209519,3899.821131,7599,4794.359717,FALSE
ce99545f-c6a5-4d53-8b68-0ceb78bd942e,danlab,DY_016,9/12/2020,4986.002883,17.53009843,66.07172733,7415.873706,12097.74244,6354.447192,FALSE
dab512bd-a02d-4c1f-8dbc-9155a163efc0,danlab,DY_016,9/12/2020,4382.768469,9.221696087,180,4405.277888,7675,4701.124046,FALSE
cab81176-36cd-4c37-9353-841e85027d36,danlab,DY_016,9/13/2020,4901.539705,11.53277888,171.74561,3569.805581,10090.69099,6102.580001,FALSE
d06f4b61-42c1-4a8d-a2a5-c1cf8f7d0e47,danlab,DY_016,9/13/2020,5379.480903,8.550348619,99.13247499,3826.944465,10639.67446,6069.691169,FALSE
19c9caea-2df8-4097-92f8-0a2bad055948,danlab,DY_016,9/14/2020,5860.33738,2.264296997,140.9004875,2754.684668,5846.02323,7055.761679,FALSE
c2184312-2421-492b-bbee-e8c8e982e49e,danlab,DY_016,9/14/2020,4301.204376,9.237233586,179.8748158,5540.439047,9851.508526,5395.427038,FALSE
11f70c37-a546-439a-9fb7-da6b6ebfb0cb,danlab,DY_016,9/15/2020,4732.169725,11.03939703,71.06887226,8306.021573,12357.12093,6394.604472,FALSE
bdb2ec51-d948-4428-b2cc-2c6cd5bf5fe3,danlab,DY_016,9/15/2020,4663.009953,14.29924313,152.1173325,5792.995119,11238.60645,5618.545214,FALSE
f26a6ab1-7e37-4f8d-bb50-295c056e1062,danlab,DY_018,10/15/2020,4189.743538,5.263903081,143.9672657,3810.841387,7601.110934,4622.074111,FALSE
a6fe3779-2b77-4b66-a625-a6078720e412,danlab,DY_018,10/17/2020,4974.146979,4.491416808,155.6470004,3754.865218,8010.623133,5408.871752,FALSE
fb0de39b-c750-4adc-af18-12bf8a22ed41,danlab,DY_018,10/17/2020,4735.070192,9.282932784,19.15206509,2678.462713,9700.589206,5323.058818,FALSE
19e0bf1e-018e-40cb-9acd-af8f0f66bd4a,danlab,DY_018,10/20/2020,4464.113644,10.88923389,108.5682893,2543.542311,8224.420653,5358.733828,FALSE
ecd07b7e-6450-4e31-bef1-f195129eb3d3,danlab,DY_018,10/20/2020,4406.442324,10.52915558,-7.10E-13,6544.785053,9025,4707.246858,FALSE
63517fd4-ece1-49eb-9259-371dc30b1dd6,danlab,DY_020,9/29/2020,4471.570304,9.751444337,-174.2879816,3911.14043,7230.36778,4981.964116,FALSE
1ff5ce1f-5500-444b-ad5f-70f90dd22ac3,danlab,DY_020,9/30/2020,4623.629612,9.208712708,177.9775973,2964.464539,7326.112158,5589.040002,FALSE
6d24683c-da42-4610-baf0-7ceee7014394,danlab,DY_020,9/30/2020,4374.830014,14.92585685,-0.050847326,6923.180377,7049,4752.222987,FALSE
6aa08c75-8ee5-457d-9794-b89ee1c4453f,danlab,DY_020,10/1/2020,4115.317425,11.28760616,177.768244,4504.896633,8231.367789,4410.714928,FALSE
c250d4f4-7516-4cf1-a8bd-04873ca9e21c,danlab,DY_020,10/1/2020,4510.918658,17.19359401,24.56747218,4412.279486,9629.394219,5634.332099,FALSE
a3ebc7f4-813a-4f06-a33e-9825c878f9c2,danlab,DY_020,10/2/2020,6737.481674,18.82967365,8.703535738,4550.478935,9604.058699,6801.906685,FALSE
a4d9d9d5-6ea3-4234-aa28-e064e83626fa,danlab,DY_020,10/2/2020,4177.67257,6.439519717,179.8593984,3943.542767,8576.149788,4601.314786,FALSE
25a9182c-4795-4768-af47-98975d2d2a8a,danlab,DY_020,10/3/2020,5294.727728,19.56054915,15.55251037,4342.216933,10600.29611,6164.15948,FALSE
ba291bec-4492-4d7f-a6aa-483ebb64b3c3,danlab,DY_020,10/3/2020,3843.597725,14.21965758,178.0614846,5568.600931,8531.937486,3925.834236,FALSE
2400a2fa-0335-480b-ac8d-a478171f3a55,danlab,DY_020,10/4/2020,4264.616497,15.93257221,178.6342864,4545.329913,9452.9015,4750.793004,FALSE
cde137a5-7a93-4968-ab61-5aedbd9ce3fb,danlab,DY_020,10/4/2020,5921.212631,19.209961,13.44187179,4505.108705,10702.89042,6791.514667,FALSE
41dc1107-fbcb-4174-a262-19928c355018,danlab,DY_020,10/5/2020,5641.16462,4.823299967,47.89820107,4106.987874,6351.92878,6096.187836,FALSE
b939cc85-6028-404a-995d-28c8405a07db,danlab,DY_020,10/5/2020,3959.239218,11.58193841,164.2189055,4839.931679,9766.181263,4403.623516,FALSE
779fbed1-4b0e-4d7d-8882-6650690221a0,danlab,DY_020,10/6/2020,6632.010251,5.41753008,49.65296171,3619.622362,6452.210132,7152.385889,FALSE
bfda40f8-a7a7-47cd-a439-39fb5cd7873f,danlab,DY_020,10/6/2020,4583.998981,9.246146781,-162.8498626,4653.78951,10757.81175,5849.439882,FALSE
4f10fbb7-57be-427b-bb1d-a19bd31dc27b,hoferlab,SWC_042,7/13/2020,3815.967244,14.45054865,158.2491726,3109.456519,7602.877176,4720.242938,FALSE
b73ef9cf-462c-4de3-ae61-5907790ebd0e,hoferlab,SWC_042,7/17/2020,6226.310768,8.76987166,46.37015636,2819.984985,8987.116519,6578.517043,FALSE
df7d2ca7-068b-4df2-9782-8f6bb7d67f18,hoferlab,SWC_042,7/17/2020,3577.583119,17.10712142,160.5879826,3098.011883,7992.785075,4494.298179,FALSE
2a7caaa4-1710-49a1-ade4-db0a986ae6f5,hoferlab,SWC_043,9/15/2020,4017.870419,18.54277567,149.4275802,5233.241616,4154.574215,5234.288699,FALSE
bef552f5-efd8-4e98-8467-d54ac7c4ef41,hoferlab,SWC_043,9/16/2020,4971.493456,8.658417187,68.98442692,3381.598422,4348.642377,6489.835359,TRUE
c17772a9-21b5-49df-ab31-3017addea12e,hoferlab,SWC_043,9/16/2020,3691.713658,11.00736767,145.3396246,4054.788756,7775.871831,4098.79587,FALSE
3530526e-e690-4222-878f-0f9f401fa759,hoferlab,SWC_043,9/17/2020,6119.39829,6.255080609,87.72702256,2373.556768,8041.214585,7007.967558,FALSE
b1455ca8-3999-4eb8-9e1e-5c8d0d2e5719,hoferlab,SWC_043,9/17/2020,4164.283214,14.55830053,61.7894355,1155.185013,8822.417617,5455.577944,FALSE
48c02db0-107e-4413-ae6a-60793ec7cc14,hoferlab,SWC_043,9/18/2020,3598.865843,17.13929239,150.7072682,4424.956659,3043.907196,5664.044323,FALSE
55423355-281c-41f2-8ef7-5aa098ffbbed,hoferlab,SWC_043,9/18/2020,3919.813283,7.700272398,36.0216483,1700.205337,7308.876681,5009.466612,FALSE
316a733a-5358-4d1d-9f7f-179ba3c90adf,hoferlab,SWC_043,9/19/2020,4156.100947,13.92246404,166.0354201,3520.438972,7541.320493,4859.00393,FALSE
3fd2d2b3-9415-4b6e-b392-40427fb1c388,hoferlab,SWC_043,9/19/2020,5075.642639,10.26489653,77.71129476,3676.581505,4450.334543,6494.403934,FALSE
1e104bf4-7a24-4624-a5b2-c2c8289c0de7,hoferlab,SWC_043,9/20/2020,5871.374808,6.680575151,77.5957776,2553.277886,8192.096031,6556.509036,FALSE
6638cfb3-3831-4fc2-9327-194b76cf22e1,hoferlab,SWC_043,9/21/2020,2936.59934,16.1273664,167.4660342,5521.269167,2152.02393,5071.034142,TRUE
da8dfec1-d265-44e8-84ce-6ae9c109b8bd,hoferlab,SWC_043,9/21/2020,6134.289259,16.12012655,8.76549979,4641.69431,5084.551705,6768.099319,FALSE
6fc4d73c-2071-43ec-a756-c6c6d8322c8b,hoferlab,SWC_060,11/24/2020,3897.96497,19.23265099,179.9089344,4734.006603,7152.040796,4155.414893,FALSE
eb04cc7c-7c10-4e7f-8593-9c3b9b6986f5,hoferlab,SWC_060,11/24/2020,6081.412982,17.95249363,9.689347605,4427.275894,5915.483712,6410.323631,FALSE
b33e4298-a735-4781-8dea-d7203b4137fb,hoferlab,SWC_060,11/25/2020,6020.205822,16.06481024,12.92368721,5101.261677,5897.592285,6410.11253,FALSE
d151b391-e6e4-4daf-bd9c-191f4ad837b4,hoferlab,SWC_060,11/25/2020,3808.219845,18.33633236,172.8816723,5038.810686,7323.460389,3989.861969,FALSE
0f306cdc-878a-4ea0-9e91-b97736731637,hoferlab,SWC_060,11/26/2020,3827.163759,21.55769032,-172.9066057,5595.481739,7526.346941,3809.446273,FALSE
8386f396-0a69-48b5-98d4-18801066ea76,hoferlab,SWC_060,11/26/2020,6632.860529,18.45915582,14.65993087,4093.217522,5181.509736,7241.597266,FALSE
31d8dfb1-71fd-4c53-9229-7cd48bee07e4,hoferlab,SWC_061,11/23/2020,3883.324407,12.69984207,164.9802181,4099.557422,3421.24465,5763.319458,TRUE
68f5f1e4-5e88-4aa5-8a1a-94b691adb11e,hoferlab,SWC_061,11/23/2020,5691.995034,12.63213387,-0.728238644,3305.315066,4534.179001,6529.216108,FALSE
02328ef5-47d4-4690-b020-04b6315aa2d6,hoferlab,SWC_061,11/26/2020,5728.843318,9.38027077,26.86900749,3217.080093,4871.998036,6777.239189,FALSE
06c6741e-9f2a-4114-8ca9-0dc5ccc951e6,hoferlab,SWC_061,11/26/2020,3995.200154,18.29882176,136.5167908,5035.151519,3288.194765,5743.170611,FALSE
8ee585ba-d055-4bb5-bc5f-2266a3d62bf4,hoferlab,SWC_061,11/30/2020,5992.321465,11.34576641,15.96001997,3666.575158,7649.148601,6075.218494,FALSE
367ea4c4-d1b7-47a6-9f18-5d0df9a3f4de,hoferlab,SWC_066,4/27/2022,3913.472937,7.270244476,-177.7795366,8494.876062,11105.81177,5257.009778,FALSE
9b3ad89a-177f-4242-9a96-2fd98721e47f,hoferlab,SWC_066,4/28/2022,5335.548417,13.52200939,18.5641849,1542.361217,8272.179112,5887.647942,FALSE
63a32e5c-f63a-450d-85cb-140947b67eaf,mainenlab,ZFM-01576,12/1/2020,3651.111026,11.06022807,-174.8347364,4347.587555,8061.940961,3958.295534,FALSE
dce4e63f-7ece-4dae-bd6e-5b116c2fbe37,mainenlab,ZFM-01576,12/1/2020,4537.037779,21.03356988,-29.25685501,6654.313671,11054.15413,5909.736298,FALSE
6eb8be8d-d089-43c6-b2e4-a6558ca16dcf,mainenlab,ZFM-01576,12/3/2020,3973.959575,14.76884619,179.1844926,5662.939253,5989.418431,4342.668458,FALSE
784c5282-2749-48ca-b211-100d0b24e29b,mainenlab,ZFM-01577,10/28/2020,5415.960766,7.842386595,2.057135732,3786.47667,10551.52719,6490.3062,FALSE
b78b3c42-eee5-47c6-9717-743b78c0b721,mainenlab,ZFM-01577,10/28/2020,4190.469423,16.02741834,164.9819512,3517.459972,8999.799814,4952.584546,FALSE
61ed1a53-2f33-4a83-82ba-ec7dfa65bf60,mainenlab,ZFM-01577,10/29/2020,4655.575486,6.323989075,21.13413834,1696.678645,8809.896356,5702.245954,FALSE
bbf6a51e-2999-4982-803f-8769db095dd2,mainenlab,ZFM-01577,10/30/2020,3847.052233,18.61370246,175.7301938,5749.516971,10541.42297,4795.821021,FALSE
e31b4e39-e350-47a9-aca4-72496d99ff2a,mainenlab,ZFM-01592,10/20/2020,4969.196806,15.88110248,171.1584386,4493.622869,7659.001922,5329.530591,FALSE
2d544e7f-c8af-46b5-aaa0-caf0ad4d63a1,mainenlab,ZFM-01592,10/21/2020,4301.520784,13.57544561,178.3238312,8209.244816,11704.53354,5381.343531,FALSE
64f4afa4-ec5f-4ad6-ab28-415a9a8098ed,mainenlab,ZFM-01592,10/21/2020,5694.691447,9.396414509,2.929137317,1971.475327,8322.510449,6243.282244,FALSE
64aadf54-d662-4934-8c08-cad14ee5b69f,mainenlab,ZFM-01592,10/23/2020,4370.545675,15.47850826,167.1532949,7162.200911,11934.34074,5137.028724,FALSE
834fca72-0b69-44e4-b77e-95a61290b50d,mainenlab,ZFM-01935,2/3/2021,5141.756507,12.0282796,33.61152322,3832.632896,7868.146015,5253.868535,FALSE
8ac7e5d5-57a4-41c8-a35d-8195784bfe95,mainenlab,ZFM-01935,2/5/2021,6528.882604,12.86779547,12.48395349,4855.380974,6989.304861,6689.919665,FALSE
36362f75-96d8-4ed4-a728-5e72284d0995,mainenlab,ZFM-01936,1/19/2021,4869.174644,16.51768375,173.1458722,4799.467441,7665.212403,5143.233695,FALSE
fddceb2e-82ba-493d-baba-c5d8af65981f,mainenlab,ZFM-01936,1/20/2021,4530.766523,18.38158306,167.2269148,5143.393295,4940.882928,5474.595142,FALSE
c2ebf259-9777-4a8f-b1de-5302776961d2,mainenlab,ZFM-01936,1/22/2021,5655.703921,9.746663667,58.64236971,3476.755434,5567.614604,6624.06903,FALSE
688606f8-9733-46f2-8331-b2dd84c5d385,mainenlab,ZFM-01936,1/23/2021,5548.766684,19.79115582,41.30059845,4938.559089,4265.007259,6721.017934,FALSE
eab03c6e-bf98-48d2-8a0c-1887f34dd554,mainenlab,ZFM-01936,1/23/2021,4427.992988,19.11998684,169.6422366,6076.743123,6260.769334,4658.721467,FALSE
be95fb3b-d607-409a-968e-98a3e9bcb577,mainenlab,ZFM-01936,1/24/2021,5115.927986,20.5410955,30.37718123,4551.363946,3532.750508,6640.66118,FALSE
af2a0072-e17e-4368-b80b-1359bf6d4647,mainenlab,ZFM-01937,4/8/2021,3513.682179,19.41224396,173.8352454,5561.063618,5250.409265,4113.935161,FALSE
b8dbd3af-a589-41e4-878c-3372eaa1a8f6,mainenlab,ZFM-01937,4/9/2021,5539.737832,10.83679027,37.09514782,3894.233414,5803.193245,6190.946184,FALSE
5a4740a3-8e93-495d-b6cf-83dccba01d7a,mainenlab,ZFM-02369,5/19/2021,3432.022429,8.66983844,-39.70753159,6601.998766,11069.48462,4617.806001,FALSE
f4bd76a6-66c9-41f3-9311-6962315f8fc8,mainenlab,ZFM-02369,5/19/2021,4303.609183,14.30556042,144.9361226,4345.399131,7710.907315,4645.161821,FALSE
664de6d9-bba2-424b-b76c-bb61900c015f,mainenlab,ZFM-02370,4/27/2021,6090.148658,10.81807149,-16.27103019,2477.716309,5529.733953,6681.915148,FALSE
adcd791c-ead3-4572-a9cb-028bbee1d2e4,mainenlab,ZFM-02370,4/28/2021,4621.598789,14.62447016,171.5922743,5454.332589,3895.616053,5746.865584,FALSE
523f8301-4f56-4faf-ab33-a9ff11331118,mainenlab,ZFM-02372,6/1/2021,4123.363213,18.40602593,167.6369593,4346.755731,7753.753737,4487.423533,FALSE
ae03524f-e493-4077-99b1-588244de9a98,mainenlab,ZFM-02372,6/1/2021,6076.504172,13.78001008,17.5703496,4570.134465,7836.933328,6276.606842,FALSE
3eb6e6e0-8a57-49d6-b7c9-f39d5834e682,mainenlab,ZFM-02373,6/23/2021,4173.76162,11.98379313,-23.35264015,7079.372189,7281.481631,4507.800212,FALSE
7d999a68-0215-4e45-8e6c-879c6ca2b771,mainenlab,ZFM-02373,6/23/2021,3697.200676,11.80587103,-156.1049748,4116.599181,7093.597267,4093.99168,TRUE
5a34d971-1cb3-4f0e-8dfe-e51e2313a668,mainenlab,ZM_1897,12/2/2019,4092.820324,13.9050591,137.3296474,5445.530902,3364.709101,5622.881313,FALSE
8f2e16c4-893b-4f8f-bfb2-94fa452710ec,mainenlab,ZM_1897,12/2/2019,3503.634294,12.21924225,34.09627331,3651.642147,7976.410031,3674.258996,FALSE
071f02e7-752a-4094-af79-8dd764e9d85d,mainenlab,ZM_1897,12/6/2019,4234.777838,11.11177589,151.2825191,4544.529016,7284.772814,4580.388774,FALSE
e8f9fba4-d151-4b00-bee7-447f0f3e752c,mainenlab,ZM_1898,12/10/2019,6998.921477,11.06578982,12.04338332,2986.222025,7105.292009,7193.79361,FALSE
31f0400a-71f5-436c-ada4-dce50627dc73,mainenlab,ZM_1898,12/11/2019,6995.020693,18.17087421,17.78242623,2397.810057,7466.210008,6971.183918,FALSE
ca073754-be17-43b7-a38a-0c1e5563ff32,mainenlab,ZM_2240,1/21/2020,6367.243534,7.569092738,-5.766532039,4040.540213,6840.731096,6561.764083,FALSE
1bf5c05b-3654-4d5c-bac9-2b96edd12adf,mainenlab,ZM_2240,1/22/2020,4589.084051,13.32490927,146.1123074,5577.996714,4214.715587,5690.54025,FALSE
1d237afc-ac2f-4bac-a163-a397fe09819f,mainenlab,ZM_2240,1/22/2020,6156.76309,6.323057732,15.38377605,3621.224072,7079.880739,6444.309741,FALSE
38124fca-a0ac-4b58-8e8b-84a2357850e6,mainenlab,ZM_2240,1/23/2020,4594.016477,17.66211421,167.2832161,5634.647956,6756.828444,4777.46515,FALSE
7beb9419-113d-4e47-938c-68ab2657031e,mainenlab,ZM_2240,1/24/2020,4562.802491,17.8342656,151.4372817,6052.350539,7618.137582,4593.543415,FALSE
dc7e9403-19f7-409f-9240-05ee57cb7aea,mainenlab,ZM_2241,1/27/2020,6590.679286,11.78510816,9.197190978,2571.214156,6315.149491,7001.751105,FALSE
ebd18510-c263-4d5b-a736-a588862a6972,mainenlab,ZM_2241,1/27/2020,3951.659696,15.51049482,145.1944183,5217.676382,4153.176163,5132.746127,FALSE
5a2f99aa-d3f5-469d-882e-0a16ee869746,mainenlab,ZM_2241,1/28/2020,6052.216694,13.37330307,35.12250378,3571.920149,4427.135688,7113.103306,FALSE
a6f9e4d5-5f20-4a98-9118-22187f4d230b,mainenlab,ZM_2241,1/28/2020,4090.918163,15.45955035,164.093093,4923.763162,6183.64353,4542.904153,FALSE
f4f45cff-c45c-413a-92ea-b6533e3e0019,mainenlab,ZM_2241,1/29/2020,6469.588355,7.380151646,9.803943739,2825.290404,5673.624446,7215.992474,TRUE
41b9162e-df67-4321-b2e6-02ff851816c5,mainenlab,ZM_2241,1/30/2020,6203.549625,17.90853255,3.157601644,4645.314963,6780.074629,6227.979094,FALSE
f03b61b4-6b13-479d-940f-d1608eb275cc,mainenlab,ZM_2241,1/30/2020,4343.766864,15.02221299,160.0466181,4497.082488,7773.08823,4670.320422,FALSE
8ab470cc-de5a-4d65-92bd-9a25fbe6d07d,mainenlab,ZM_2241,1/31/2020,4898.174423,17.7615574,152.7537915,4678.432003,8559.076217,5139.699436,FALSE
55001cb4-e10f-4657-9760-1228b590a69c,mainenlab,ZM_2245,1/21/2020,4943.775398,10.9024135,19.04380448,4091.125959,7755.098307,5029.543942,FALSE
8f4fd564-7e34-4113-a6e4-ae40faa64f7a,mainenlab,ZM_2245,1/21/2020,3970.460145,23.22294881,130.5573942,5217.962835,5214.466553,4873.763455,FALSE
749cb2b7-e57e-4453-a794-f6230e4d0226,mrsicflogellab,SWC_038,7/30/2020,3928.60032,18.00606388,146.8898938,5197.346859,3684.856756,5361.19243,FALSE
2b3c3126-11f3-4a8e-aa44-2f965bf8ab9c,mrsicflogellab,SWC_038,7/31/2020,3889.053377,21.26425813,143.0459062,4837.371289,4422.195794,5199.277473,FALSE
76de0e1a-30aa-4713-9fe5-25ad2dff653f,mrsicflogellab,SWC_038,7/31/2020,5630.491645,9.00810813,68.34079699,4074.618312,8294.345803,5786.046248,FALSE
7bd5627e-b02e-47f1-b476-4bf8eaa726b3,mrsicflogellab,SWC_038,8/1/2020,4138.700836,17.08836075,139.2440837,4221.224113,4343.943244,5780.988482,FALSE
9915765e-ff15-4371-b1aa-c2ef1db8a254,mrsicflogellab,SWC_038,8/1/2020,6270.338493,11.43485564,85.38456968,2574.969614,8089.086351,6970.876972,FALSE
2201eb05-aebe-4bda-905e-b5cc1baf3840,mrsicflogellab,SWC_039,9/10/2020,3917.358359,4.937093386,143.2249318,7945.042794,11701.83461,5152.824131,FALSE
39180bcb-13e5-46f9-89e1-8ea2cba22105,mrsicflogellab,SWC_039,9/10/2020,5312.039743,11.02518635,-16.2266409,2524.591564,6816.125768,5688.996551,FALSE
3ccb2d59-9e94-48e6-9e72-0b7b96bd3f9b,mrsicflogellab,SWC_052,10/17/2020,5575.791601,17.60853291,5.268336604,6545.382493,12479.87726,7264.541377,FALSE
578ca001-8cf5-4d30-b58f-1d574eaf808a,mrsicflogellab,SWC_052,10/17/2020,3519.301498,10.41427739,167.8098923,4196.819848,9784.329836,4136.326134,FALSE
10f59add-706e-41d0-87ed-9a55eb138a66,mrsicflogellab,SWC_052,10/19/2020,4758.521023,13.00729003,39.55526927,7949.228907,12357.05208,6611.424203,FALSE
caf2170c-5463-46ce-8cd0-66f2e1e3376d,mrsicflogellab,SWC_052,10/19/2020,4401.101059,15.74701155,152.4412022,3908.893319,10377.60684,5310.925065,FALSE
68f06c5f-8566-4a4f-a4b1-ab8398724913,mrsicflogellab,SWC_052,10/20/2020,4860.109778,7.907404089,165.4303563,7194.919381,12616.37237,6288.898365,TRUE
ee320f72-b613-4acd-b10d-3ceef332a949,mrsicflogellab,SWC_052,10/20/2020,5555.612197,10.56376353,-8.499207676,2768.404636,9145.06871,5936.452858,TRUE
f3988aec-b8c7-47d9-b1a0-5334eed7f92c,mrsicflogellab,SWC_052,10/21/2020,3196.325484,9.039580472,177.0120626,8951.513495,12051.17733,5081.627244,FALSE
4b93a168-0f3b-4124-88fa-a57046ca70e1,mrsicflogellab,SWC_052,10/22/2020,4167.913363,16.36030813,161.4613928,4225.244563,8240.534709,4549.15179,FALSE
642a3373-6fee-4f2a-b8d6-38dd42ada763,mrsicflogellab,SWC_052,10/22/2020,4347.989937,16.07554043,23.37397102,6844.826646,8302.655244,4602.972453,FALSE
50ebb677-e4a3-4421-b74f-1997a9cd1ad1,mrsicflogellab,SWC_052,10/23/2020,5946.756309,17.77490114,5.190646422,4877.85422,8062.801879,5837.877273,FALSE
5d9a5895-0f28-416c-a6d6-3e781658ea57,mrsicflogellab,SWC_052,10/23/2020,1935.343441,5.814954787,180,8784.746348,12450,4250.38474,TRUE
0685d767-80a2-49b6-a51a-0e9b1dd7a14d,mrsicflogellab,SWC_053,11/10/2020,5788.056837,18.93315841,153.4592886,4655.109862,10614.16296,6449.909892,FALSE
291fcd13-b629-49c0-baf8-57ed1351050e,mrsicflogellab,SWC_053,11/10/2020,4192.272718,18.30520349,37.56535554,6106.303888,11852.74933,5455.130964,FALSE
6a098711-5423-4072-8909-7cff0e2d4531,mrsicflogellab,SWC_053,11/11/2020,4536.564336,17.99165676,27.48730718,5981.935254,11396.74859,5639.733165,FALSE
88fe9ed9-9e3e-431a-8ecc-4cb2fe5bf448,mrsicflogellab,SWC_053,11/11/2020,4626.984166,22.1744548,169.1993981,4515.417004,10377.25197,5534.767569,FALSE
d403c464-9d91-4338-b64b-81c299356972,mrsicflogellab,SWC_053,11/12/2020,5164.878132,14.78918755,22.57969679,2532.65664,9381.225087,5393.773866,FALSE
ce24bbe9-ae70-4659-9e9c-564d1a865de8,mrsicflogellab,SWC_054,10/5/2020,6258.120431,11.86881507,18.7449073,5131.15292,11063.62202,7224.32853,FALSE
ce397420-3cd2-4a55-8fd1-5e28321981f4,mrsicflogellab,SWC_054,10/5/2020,4332.93511,15.59888186,152.7022516,4577.826682,7756.63176,4623.343641,FALSE
3a37fb5c-3e96-4a0e-ac63-2eeec6744588,mrsicflogellab,SWC_054,10/6/2020,4770.296227,16.19076815,148.0013895,7278.033091,12904.83527,5781.099724,FALSE
869bac48-ad1b-46b8-be00-cf6b26aea40e,mrsicflogellab,SWC_054,10/7/2020,4650.85703,14.54214636,158.1616802,7233.989378,12384.406,5576.858457,FALSE
c0c3c95d-43c3-4e30-9ce7-0519d0473911,mrsicflogellab,SWC_054,10/7/2020,4561.573038,14.12791604,71.39106179,1869.698719,9330.211825,5423.600071,FALSE
099c0519-640b-4eb7-867c-998dc337579d,mrsicflogellab,SWC_054,10/9/2020,3837.335433,22.8219841,159.1182955,3481.444112,7966.861396,4636.927311,FALSE
04c9890f-2276-4c20-854f-305ff5c9b6cf,mrsicflogellab,SWC_054,10/10/2020,6073.583829,12.58538315,43.9524565,5163.085125,11764.21666,7002.650072,FALSE
3e7618b8-34ca-4e48-ba3a-0e0f88a43131,mrsicflogellab,SWC_054,10/10/2020,3887.003486,21.44088786,163.0645892,3403.244429,7312.573735,4818.004159,FALSE
7909c0aa-c074-4e19-aabf-b8167c682a5b,mrsicflogellab,SWC_054,10/11/2020,6179.176541,16.03300167,67.10925088,3161.162123,9897.232482,6263.823707,FALSE
143dd7cf-6a47-47a1-906d-927ad7fe9117,mrsicflogellab,SWC_058,12/7/2020,3864.208787,12.37059645,131.8302894,3902.111893,8091.846956,4249.490937,FALSE
72c095b0-c7ab-4e22-a4aa-4163102de553,mrsicflogellab,SWC_058,12/8/2020,5014.804154,21.42284279,8.389741383,6737.95448,11417.2481,6468.332699,FALSE
de5d704c-4a5b-4fb0-b4af-71614c510a8b,mrsicflogellab,SWC_058,12/8/2020,3612.044702,17.61381953,175.40595,7689.49236,12612.5446,5042.703774,FALSE
0228bcfd-632e-49bd-acd4-c334cf9213e9,mrsicflogellab,SWC_058,12/9/2020,3099.347421,18.31728054,171.2952676,7162.839352,12522.41652,4292.305761,FALSE
ffb1b072-2de7-44a4-8115-5799b9866382,mrsicflogellab,SWC_058,12/9/2020,5375.203269,18.37591583,13.65842843,6028.386576,12475.13559,6726.114184,FALSE
25e75514-43e1-4c07-9fea-581bd203b55c,mrsicflogellab,SWC_058,12/10/2020,4539.205814,20.33804328,10.74617819,5975.028583,13044.16415,6456.224321,FALSE
58b271d5-f728-4de8-b2ae-51908931247c,mrsicflogellab,SWC_058,12/10/2020,3470.153723,17.93096867,175.1257396,8164.495752,12540.77777,5051.601891,TRUE
577e4741-4b15-4e91-b81b-61304a09bfb5,mrsicflogellab,SWC_065,5/7/2022,4502.661835,13.83496211,-162.1055448,6399.617073,11269.1672,5272.033064,FALSE
810416d1-ce3c-4b2e-a827-6cdc65c8cd5c,steinmetzlab,NR_0017,3/22/2022,5575.733129,18.89482868,168.7524209,5520.921724,6952.180448,5750.282467,FALSE
485b50c8-71e1-4654-9a07-64395c15f5ed,steinmetzlab,NR_0019,4/29/2022,4148.268198,21.6881702,168.7656251,4803.637983,7948.665932,4329.6077,FALSE
0aafb6f1-6c10-4886-8f03-543988e02d9e,steinmetzlab,NR_0020,5/8/2022,4004.763702,20.44602656,157.6042434,4618.44568,8133.007773,4227.470293,FALSE
3283d8ec-1436-4529-8a16-941bbf65c91d,wittenlab,ibl_witten_13,11/26/2019,5845.299742,19.85996978,21.78610835,4381.052674,4887.007766,6572.654671,FALSE
92564b0d-7b57-45e1-8ec5-41f95340995e,wittenlab,ibl_witten_13,11/27/2019,4387.635993,16.40583077,146.3285487,5881.333199,7712.071545,4433.994432,FALSE
11a5a93e-58a9-4ed0-995e-52279ec16b98,wittenlab,ibl_witten_13,12/3/2019,4055.266918,10.87685764,137.5780337,3942.030922,7640.970427,4507.414089,FALSE
134e8241-f5d7-4ad7-a8c0-11b34f2eedc3,wittenlab,ibl_witten_17,7/23/2020,4137.22433,20.24716625,-170.140996,4835.627658,5829.846002,4581.578839,FALSE
20469b30-1cd8-4078-9883-a840a0f6d787,wittenlab,ibl_witten_19,7/21/2020,4281.022849,26.15896429,130.6838914,5955.332378,3906.207064,5617.5363,FALSE
d3b3c9a7-cf6a-4d25-b8da-e0f599a26191,wittenlab,ibl_witten_19,7/21/2020,5787.073619,23.14861932,24.38978734,4378.027237,8314.443253,5496.146147,FALSE
8aba5f8c-4438-4588-9bb0-b20d2fd3eca5,wittenlab,ibl_witten_19,7/22/2020,3108.499201,25.5290623,122.9062892,5477.796003,3524.73061,4630.006473,FALSE
b549e337-acc5-4837-9c56-e53b173fe5fe,wittenlab,ibl_witten_19,7/23/2020,4386.447092,16.9651069,68.49062854,4155.713652,3865.781597,5870.560463,FALSE
57c5856a-c7bd-4d0f-87c6-37005b1484aa,wittenlab,ibl_witten_20,9/3/2020,5687.757097,11.28292639,20.27505282,6331.119195,11585.62661,6777.829845,TRUE
bc2f8bde-9498-41d7-b9db-83bd05cd34ba,wittenlab,ibl_witten_25,12/8/2020,4861.44189,10.75534838,-16.31477263,7554.309592,11370.1486,6501.040852,FALSE
f698f893-da01-49a1-ae4b-16f7e42e5ff5,wittenlab,ibl_witten_25,12/8/2020,4018.373108,13.00883505,164.5414113,2646.81775,9316.098016,5465.243031,FALSE
84fd7fa3-6c2d-4233-b265-46a427d3d68d,wittenlab,ibl_witten_26,1/27/2021,3615.169062,12.92608714,120.4397119,3934.708447,7322.223494,4048.558675,FALSE
86553ccc-2e51-4cfb-a8e6-80da6860c8d9,wittenlab,ibl_witten_26,1/27/2021,5003.712212,6.531401369,26.00661794,7688.470384,12424.56281,6821.236441,FALSE
d8c7d3f2-f8e7-451d-bca1-7800f4ef52ed,wittenlab,ibl_witten_26,1/28/2021,2371.117623,16.4062617,165.9198972,8824.592894,12462.92666,4174.573094,FALSE
5b489aee-75e8-42af-aca6-3026d9a54c2d,wittenlab,ibl_witten_26,1/29/2021,4760.433778,14.47433439,164.6924081,4047.639731,10439.12216,5859.336186,FALSE
da57bb3a-b0f2-465d-a5fc-cc84341450b0,wittenlab,ibl_witten_26,1/30/2021,4528.933151,18.86994612,167.0891571,4327.722092,10377.27639,5460.526255,FALSE
176b4fe3-f570-4d9f-9e25-a5d218f75c8b,wittenlab,ibl_witten_26,1/31/2021,4267.860175,10.95227665,25.71655325,2494.457628,10151.84628,5065.124403,FALSE
76c5c1a1-3617-4727-9f75-d975c9a08203,wittenlab,ibl_witten_27,1/13/2021,4611.33513,8.471807547,-155.5318141,7243.342672,11393.61955,5586.018424,FALSE
c0e59477-43f0-4441-9f81-3a55ddad9dad,wittenlab,ibl_witten_27,1/13/2021,5979.565911,16.40113679,-10.96559279,5217.434211,11353.83474,6961.247642,FALSE
30dfb8c6-9202-43fd-a92d-19fe68602b6f,wittenlab,ibl_witten_27,1/16/2021,4292.274438,9.107277456,-166.0633343,8309.396459,11486.36799,5513.164783,FALSE
4037a618-e6ba-4142-a6d2-3e32ef25fd1b,wittenlab,ibl_witten_27,1/16/2021,6048.380001,11.26782028,18.70105511,6705.56983,12078.92918,7331.794788,TRUE
19137f8d-0f3b-4923-93ad-f741758e1b2e,wittenlab,ibl_witten_27,1/19/2021,3900.803671,13.22923383,177.0902587,4891.538596,8120.315365,4072.285179,FALSE
727ff7c4-d63f-4bd8-9888-f134a25b874f,wittenlab,ibl_witten_27,1/19/2021,4789.673482,14.61235035,7.021478389,5200.732999,8097.707838,4809.7506,FALSE
94761f31-0dfc-4f67-87ef-6d1ac7f95144,wittenlab,ibl_witten_27,1/20/2021,3591.304621,11.73483488,-179.3683909,4680.364524,7766.948385,3816.243978,FALSE
0851db85-2889-4070-ac18-a40e8ebd96ba,wittenlab,ibl_witten_27,1/21/2021,3245.743376,12.56615082,175.71342,4504.190139,7627.782455,3517.993107,FALSE
c9fb5e2e-bd92-41d8-8b7e-394005860a1e,wittenlab,ibl_witten_27,1/21/2021,6197.985791,7.323746817,17.04880664,2969.627769,8181.644248,6497.420727,FALSE
b25799a5-09e8-4656-9c1b-44bc9cbb5279,wittenlab,ibl_witten_29,6/8/2021,4146.494235,7.318564215,123.213383,4214.328994,7541.915727,4487.713661,FALSE
db2100c3-64ac-463e-97a1-20ce8266cd5f,wittenlab,ibl_witten_29,6/9/2021,5836.899231,9.459690406,25.92971613,5737.2574,7669.478396,5982.526006,FALSE
88e1154c-bd92-446d-bd6d-550062666223,wittenlab,ibl_witten_29,6/16/2021,3478.165521,7.159180744,69.69235155,1649.559114,6681.527772,5026.048841,FALSE
5a5a2320-3b0d-485d-aba2-dc96357e00d8,wittenlab,ibl_witten_29,6/17/2021,3635.813373,5.475580418,118.6464568,4091.321779,6279.468073,4194.223002,FALSE
366dabe3-2790-4511-a7dc-023a1ad9df75,wittenlab,ibl_witten_29,6/18/2021,5090.507708,8.643993199,-67.3182283,7579.977394,10744.09503,6357.686018,FALSE
fcc167d6-cb53-4dc7-a58f-06a53cfabc84,wittenlab,ibl_witten_29,6/18/2021,3384.25267,5.48944028,-123.0930137,4501.764919,9228.770875,3868.731967,FALSE
6d3b68e0-3efd-4b03-b747-16e44118a0a9,zadorlab,CSH_ZAD_001,1/16/2020,6352.758687,20.47354129,22.16037031,4342.103053,8038.152224,6176.479139,FALSE
68c98fb2-402b-4670-9b3b-0c77619998ea,zadorlab,CSH_ZAD_011,3/21/2020,5152.108885,11.89143731,38.50882754,2883.446322,9421.162352,5416.543551,FALSE
d6c810b2-5922-4127-af2b-4b104bc55c2b,zadorlab,CSH_ZAD_011,3/21/2020,4438.953842,15.6636001,145.8327556,4098.323171,9675.743012,4924.106473,FALSE
a3d13b05-bf4d-427a-a2d5-2fe050d603ec,zadorlab,CSH_ZAD_011,3/22/2020,3786.68149,16.48910749,152.7626107,4424.377215,8733.105895,4055.949335,FALSE
b45c8f3f-6361-41df-9bc1-9df98b3d30e6,zadorlab,CSH_ZAD_011,3/22/2020,5319.118745,11.66278953,46.73252051,3377.499641,9063.32306,5484.301832,FALSE
eda7a3ac-f038-4603-9c68-816234e9c4eb,zadorlab,CSH_ZAD_011,3/23/2020,3679.910511,15.50321152,153.9986348,4859.054399,9256.208216,3871.018706,FALSE
4c04120d-523a-4795-ba8f-49dbb8d9f63a,zadorlab,CSH_ZAD_019,8/14/2020,3276.424058,24.40547826,59.61623299,7146.325839,8563.616729,3408.656428,FALSE
9657af01-50bd-4120-8303-416ad9e24a51,zadorlab,CSH_ZAD_019,8/14/2020,3545.382291,27.31566559,131.5298675,4528.684299,8417.950879,3625.043084,FALSE
96fe2729-b5a2-4e77-92bb-9df410144768,zadorlab,CSH_ZAD_019,8/16/2020,4881.665296,22.58927242,75.5062196,4080.695182,6990.480062,5282.154445,TRUE
b4131145-9675-4433-88e1-9ae016c701dd,zadorlab,CSH_ZAD_019,8/16/2020,3653.075549,27.97409572,136.9309404,5476.806486,6720.152483,3901.249317,FALSE
0fa33419-e7b9-4d00-8cab-3b51f93ecf0c,zadorlab,CSH_ZAD_019,8/18/2020,3181.521001,28.42965052,128.2463948,5880.313545,7618.848275,3172.836949,FALSE
257d0357-76ed-4220-8d50-68da6efda72d,zadorlab,CSH_ZAD_019,8/19/2020,3485.872772,30.8483689,134.1385321,5919.767668,8082.773251,3317.71703,FALSE
30ac1320-d671-46fc-87ef-875cdfc6b4eb,zadorlab,CSH_ZAD_019,8/19/2020,5251.67131,19.87454675,67.42910929,4314.729066,8448.618007,5213.877804,FALSE
e6508b9a-9dec-47d7-88c7-b0a72c7d1134,zadorlab,CSH_ZAD_022,5/19/2020,4428.876912,13.56042507,157.9926284,4837.776524,11464.13106,5555.413927,FALSE
b3065f45-7227-4099-9f8c-7e81e677d8cf,zadorlab,CSH_ZAD_022,5/20/2020,3978.717836,7.865157368,5.040848894,3282.649394,11522.83918,5141.289491,FALSE
2781c08e-a356-4a0d-8c28-4f94d1c87f69,zadorlab,CSH_ZAD_022,5/21/2020,4548.173807,13.1385511,157.0184482,4851.775434,11478.64308,5679.11738,FALSE
362823e7-5514-41d3-a31d-4b73f91ad3d0,zadorlab,CSH_ZAD_022,5/23/2020,6733.561537,13.97196343,23.07468435,5029.273706,9412.200367,6784.342317,FALSE
57656bee-e32e-4848-b924-0f6f18cfdfb1,zadorlab,CSH_ZAD_022,5/23/2020,3813.259034,19.13507326,144.274754,4639.760284,8379.857455,3977.570488,FALSE
4364cabe-a27c-4bd5-b398-1d068aca47cf,zadorlab,CSH_ZAD_022,5/24/2020,3385.217824,17.96707969,140.8664953,4534.993311,8084.050564,3595.133989,FALSE
b8df4cc3-e973-4267-8cf8-a55cea77e1ac,zadorlab,CSH_ZAD_022,5/24/2020,6414.100305,9.269775498,73.50581056,3256.654705,8115.686045,6805.337465,FALSE
179ce6d0-e348-4257-b718-e58dd4134589,zadorlab,CSH_ZAD_022,5/25/2020,6218.810444,13.21456809,34.28658333,5375.422715,9775.839331,6379.141385,FALSE
532bb33e-f22f-454a-ba1f-561d1578b250,zadorlab,CSH_ZAD_022,5/25/2020,4353.786702,18.47811118,141.7414703,5083.531139,8304.448659,4454.326386,FALSE
3220377b-f53e-412d-a859-ef8ccb8f0a40,zadorlab,CSH_ZAD_022,5/26/2020,6394.208203,15.57610722,27.97456809,4587.498571,7781.909979,6484.378507,FALSE
9ac90b86-fc72-4ca0-9389-c8b3a77da437,zadorlab,CSH_ZAD_022,5/27/2020,6069.178047,14.64811753,33.41370937,4971.4066,8040.425307,6096.912397,FALSE
9bd71ac6-c455-41f3-8c56-59987a649ac4,zadorlab,CSH_ZAD_024,6/8/2020,3917.977287,13.20643531,154.8308367,5210.117457,3030.679921,5539.359518,FALSE
38981973-20de-44e5-8717-efcf88642502,zadorlab,CSH_ZAD_025,7/26/2020,6089.534311,19.52838317,46.21553312,6866.491316,12269.57658,7364.240026,FALSE
d06bdedb-e173-4fe5-a4f1-ab9ab53f9761,zadorlab,CSH_ZAD_025,7/26/2020,3294.332775,12.08301086,145.2035043,8291.287045,11768.52839,4471.347982,FALSE
99086aba-f671-42b5-bdc0-e665c61f5452,zadorlab,CSH_ZAD_025,7/27/2020,3875.050086,19.62797346,136.2950489,5240.989654,8674.384829,3874.884733,FALSE
9e979599-11e1-4372-96fc-e80520f3e668,zadorlab,CSH_ZAD_025,7/27/2020,5972.808968,18.23263952,51.1547883,6827.886025,12280.46243,7147.937945,FALSE
1bd85dab-7a53-49d1-acd4-e82f9fd07cf6,zadorlab,CSH_ZAD_025,7/30/2020,4663.271516,9.859169175,57.19864727,2867.441979,9596.163862,5144.402448,FALSE
f9b2e36b-eef8-402f-b121-786dfed58bcb,zadorlab,CSH_ZAD_025,7/30/2020,3571.259595,18.71550486,148.6911245,5204.038621,9645.472556,3732.423822,FALSE
fe380793-8035-414e-b000-09bfe5ece92a,zadorlab,CSH_ZAD_025,8/3/2020,3893.715553,14.30853849,46.90241489,1217.511048,7602.667375,5122.928259,TRUE
64d04585-67e7-4320-baad-8d4589fd18f7,zadorlab,CSH_ZAD_025,8/4/2020,4963.555777,12.49645368,64.83865147,2518.364387,8347.101711,5470.966171,TRUE
d8dae4d0-e11d-4b4d-8bd9-103c13491eb7,zadorlab,CSH_ZAD_025,8/12/2020,4231.006528,15.8744787,144.250675,5439.251147,7501.147272,4394.649664,FALSE
0dfc64c5-80bc-43b6-a7c4-2fb6e638e9f3,zadorlab,CSH_ZAD_026,8/14/2020,5212.878269,6.255997802,67.07820329,2953.758227,5298.197279,6481.835248,FALSE
920865d3-1581-4e81-bd63-ab2186024564,zadorlab,CSH_ZAD_026,8/15/2020,3684.472892,19.55855462,168.6517824,4084.336431,4742.707802,5071.878282,FALSE
5011eba9-8926-4a73-b729-579d02676d25,zadorlab,CSH_ZAD_026,8/17/2020,3796.050343,17.02944819,159.8500139,4418.679307,3982.965185,5379.610086,FALSE
79b2e46e-e2ee-446e-b875-9aff03ef52d2,zadorlab,CSH_ZAD_026,8/18/2020,3474.3676,22.78659258,164.9731835,4924.607966,4798.880922,4503.206433,FALSE
f211d54e-e7eb-4188-bdcd-faa9c4317e9e,zadorlab,CSH_ZAD_026,8/18/2020,5426.011646,7.315000764,74.92257595,2839.925086,5502.168216,6731.850105,TRUE
8d89b7d0-33e7-45c6-9972-d3ad4c1e5f4c,zadorlab,CSH_ZAD_026,8/19/2020,3127.275827,18.55756662,155.6178094,4181.511505,4985.872149,4339.671156,FALSE
8ca1a850-26ef-42be-8b28-c2e2d12f06d6,zadorlab,CSH_ZAD_026,9/4/2020,3564.791273,17.0081364,169.0456706,4326.28469,7071.538682,3983.878808,FALSE
91fb4ed3-ee27-4d7e-ba5d-f61202ed9884,zadorlab,CSH_ZAD_029,9/13/2020,4636.991954,6.114914477,16.91961996,1502.435115,8943.752967,5860.608625,FALSE
180d278e-1a49-42da-a624-24aa14b57a4e,zadorlab,CSH_ZAD_029,9/15/2020,3743.211143,11.06026303,174.8943111,5515.253429,7938.906252,3848.684552,FALSE
81b1800e-f138-4337-abc9-bb0449b77852,zadorlab,CSH_ZAD_029,9/16/2020,4445.146867,11.7697223,173.9345092,5926.639475,8370.808239,4526.689063,FALSE
5d570bf6-a4c6-4bf1-a14b-2c878c84ef0e,zadorlab,CSH_ZAD_029,9/17/2020,5692.430846,4.828555554,44.91258522,4560.668047,10513.29811,6947.228588,FALSE
f7c93877-ec05-4091-a003-e69fae0f2fa8,zadorlab,CSH_ZAD_029,9/17/2020,3886.411595,13.19592817,174.5397276,3483.170841,6759.421673,4708.791396,FALSE
675952a4-e8b3-4e82-a179-cc970d5a8b01,zadorlab,CSH_ZAD_029,9/19/2020,6324.072155,1.069997597,-5.109869212,2957.374278,6039.481761,7172.969411,FALSE
79f44ba1-c931-4346-82eb-f628a9374045,zadorlab,CSH_ZAD_029,9/19/2020,3749.394353,15.98182222,170.3586712,4592.748479,6097.894491,4279.476876,FALSE
