pid,eid,lab,depth,theta,phi,ml,ap,dv
06cb2ee3-0fb8-4ace-acbe-19c716f3ca40,ae8787b1-4229-4d56-b0c2-566b61a25b77,steinmetzlab,5381.629215,14.53846312,139.0495244,5195.340387,4985.421133,6409.305897
1ab86a7f-578b-4a46-9c9c-df3be97abcca,0f77ca5d-73c2-45bd-aa4c-4c5ed275dbde,steinmetzlab,4606.94998,15.22756009,131.6117639,5328.556918,4529.693738,5720.201192
eb7e9f3f-b79d-4cdd-bc24-b13a4008c1b5,0f77ca5d-73c2-45bd-aa4c-4c5ed275dbde,steinmetzlab,4492.845101,20.52524423,21.87745611,2863.165615,3786.98563,5682.629404
3fded122-619c-4e65-aadd-d5420978d167,6c6b0d06-6039-4525-a74b-58cfaa1d3a60,steinmetzlab,4190.543119,21.15880992,149.131113,4948.325662,8251.074638,4308.031507
6bd246d2-b2c2-4a88-ac44-1a3e0facbaee,6c6b0d06-6039-4525-a74b-58cfaa1d3a60,steinmetzlab,4821.085911,18.86745525,29.10191315,6512.777155,8108.263087,5012.045087
09b62a15-dd8b-4f47-881f-d3f1e5ea5ff4,1d4a7bd6-296a-48b9-b20e-bd0ac80750a5,hausserlab,3629.469286,19.4628951,147.8872476,5499.303383,6367.862037,3997.07222
799d899d-c398-4e81-abaf-1ef4b02d5475,e0928e11-2b86-4387-a203-80c77fab5d52,steinmetzlab,3541.109472,16.67719383,-25.96185545,2436.326719,8805.124496,3992.159079
fdeff6df-7216-4b83-ab64-241e9fd173da,e0928e11-2b86-4387-a203-80c77fab5d52,steinmetzlab,3134.184623,17.95741468,-158.9113005,4526.582118,8652.312694,3431.505739
0259543e-1ca3-48e7-95c9-53f9e4c9bfcc,196a2adf-ff83-49b2-823a-33f990049c2e,cortexlab,6766.638931,4.160052301,-0.802771721,2609.177023,7618.122624,7323.810853
e92f8734-2c06-4168-9271-d00b3bf57c02,196a2adf-ff83-49b2-823a-33f990049c2e,cortexlab,3041.053464,14.36206487,155.5464246,5786.663298,5337.258812,3746.013259
19c5b0d5-a255-47ff-9f8d-639e634a7b61,78b4fff5-c5ec-44d9-b5f9-d59493063f00,cortexlab,2757.103993,17.38523132,158.5994494,5767.008693,3350.595923,4106.152254
1ca6cd06-1ed5-45af-b73a-017d5e7cff48,78b4fff5-c5ec-44d9-b5f9-d59493063f00,cortexlab,6585.415277,6.353029531,-18.59362306,2584.331547,7767.649959,7019.97402
9486a103-c53e-4a60-b202-4efcc6278d44,1ca83b26-30fc-4350-a616-c38b7d00d240,steinmetzlab,3774.375969,18.63467784,-12.93245181,1899.554402,5805.086244,4401.505021
f865ea6c-6288-4a77-9a94-ef740166e9c7,1ca83b26-30fc-4350-a616-c38b7d00d240,steinmetzlab,5243.807078,16.21611517,-175.1775342,5234.207816,7776.890684,5360.183146
07c79864-6fff-4e72-9fce-1c982e3457f9,27ef44c0-acb2-4220-b776-477d0d5abd35,steinmetzlab,4800.326897,19.23896285,178.1721612,5355.94501,6525.452117,5032.240702
d23dec01-b35e-4950-9afa-72a1b3e74148,27ef44c0-acb2-4220-b776-477d0d5abd35,steinmetzlab,5812.352066,12.87575777,-4.612149065,1533.983106,6370.851721,6516.20376
f336f6a4-f693-4b88-b12c-c5cf0785b061,a2701b93-d8e1-47e9-a819-f1063046f3e7,cortexlab,6050.309556,5.722360797,-1.85E-12,2696.735238,8650,6545.159247
be9a2119-a4d7-4e62-82a1-b1a6623ecc99,446f4724-1690-49f9-819a-2bd8e2ea88ce,cortexlab,6138.560431,5.936800824,-1.76E-12,2690.080047,8650,6630.636807
49a86b2e-3db4-42f2-8da8-7ebb7e482c70,c8d46ee6-eb68-4535-8756-7c9aa32f10e4,cortexlab,3667.058944,9.545260972,58.7959093,2109.952616,4545.121253,5816.288197
ad714133-1e03-4d3a-8427-33fc483daf1a,8928f98a-b411-497e-aa4b-aa752434686d,cortexlab,4141.378055,9.988972847,180,4368.357798,7525,4478.599548
d7ec0892-0a6c-4f4f-9d8f-72083692af5c,8928f98a-b411-497e-aa4b-aa752434686d,cortexlab,4570.527468,9.465636262,-37.25167018,7051.697678,10720.01282,5733.297054
6b6af675-e1ef-43a6-b408-95cfc71fe2cc,3f859b5c-e73a-4044-b49e-34bb81e96715,cortexlab,3412.947366,14.74631324,179.0906717,4143.621268,6988.786848,3875.532797
b2ea68e2-c732-4d17-8166-1a8595fff225,3f859b5c-e73a-4044-b49e-34bb81e96715,cortexlab,3747.521539,16.22347762,20.90458206,1021.918059,7823.582802,4773.292553
4ea45238-55b1-4d54-ba92-efa47feb9f57,f819d499-8bf7-4da0-a431-15377a8319d5,cortexlab,4283.092635,11.29737999,-12.48981092,2355.793444,11018.53911,5675.101794
d4291925-ad00-47fe-baaf-3fdff0991e86,f819d499-8bf7-4da0-a431-15377a8319d5,cortexlab,3862.056726,10.82233168,-153.9189268,5726.31528,8456.190681,4068.366734
100433fa-2c59-4432-8295-aa27657fe3fb,752456f3-9f47-4fbf-bd44-9d131c0f41aa,cortexlab,3902.769604,8.395976761,30.3074991,1033.025382,8387.573141,5410.942015
d591a59c-b49b-46ba-a914-df379ada9813,752456f3-9f47-4fbf-bd44-9d131c0f41aa,cortexlab,3933.090809,13.78404011,152.9900686,5109.897158,2500.583655,5994.820493
1c4e2ebd-59da-4527-9700-b4b2dad6dfb2,1b9e349e-93f2-41cc-a4b5-b212d7ddc8df,cortexlab,4204.074885,9.358557924,-29.83277017,7331.960085,10609.91225,5523.118805
3c283107-7012-48fc-a6c2-ed096b23974f,1b9e349e-93f2-41cc-a4b5-b212d7ddc8df,cortexlab,5898.555722,7.546518653,179.4352705,5374.626223,8757.635265,6072.465735
3282a590-8688-44fc-9811-cdf8b80d9a80,6b0b5d24-bcda-4053-a59c-beaa1fe03b8f,cortexlab,3122.870096,15.29486367,24.83737316,1027.424581,7821.020261,4362.261378
ff5fceaf-8247-42ab-a187-f7876441899d,6b0b5d24-bcda-4053-a59c-beaa1fe03b8f,cortexlab,4095.268361,13.10443918,158.0625972,5111.276159,2496.88407,6113.621036
96c816ad-9a48-46a4-8a84-9a73cc153d69,d901aff5-2250-467a-b4a1-0cb9729df9e2,steinmetzlab,5794.660991,14.41707523,159.3198946,4349.785305,8384.505834,6187.181344
f84f36c9-88f8-4d80-ba34-7f7a2b254ece,5b49aca6-a6f4-4075-931a-617ad64c219c,steinmetzlab,6089.288001,14.00334026,-1.134210318,1701.812151,8295.833399,6433.324232
dac5defe-62b8-4cc0-96cb-b9f923957c7f,eacc49a9-f3a1-49f1-b87f-0972f90ee837,steinmetzlab,4398.943797,13.92478348,144.7243165,5264.220028,8936.351403,4494.669745
e9cf749b-85dc-4b59-834b-325cec608c48,eacc49a9-f3a1-49f1-b87f-0972f90ee837,steinmetzlab,5575.139666,9.83594503,2.299935806,1948.379085,8138.219976,6118.190253
0aafb6f1-6c10-4886-8f03-543988e02d9e,3e6a97d3-3991-49e2-b346-6948cb4580fb,steinmetzlab,4004.763702,20.44602656,157.6042434,4618.44568,8133.007773,4227.470293
b976e816-bc24-42e3-adf4-2801f1a52657,3e6a97d3-3991-49e2-b346-6948cb4580fb,steinmetzlab,5849.414429,8.686867943,8.564423111,2251.389492,8281.566358,6307.313044
577e4741-4b15-4e91-b81b-61304a09bfb5,1425bd6f-c625-4f6a-b237-dc5bcfc42c87,mrsicflogellab,4502.661835,13.83496211,-162.1055448,6399.617073,11269.1672,5272.033064
335d689e-4d98-4532-b01b-7f7da89863c4,63c70ae8-4dfb-418b-b21b-f0b1e5fba6c9,steinmetzlab,5180.799277,17.50297119,157.9685255,4544.373085,6659.487773,5765.935294
83716e49-3026-41a3-b021-1a4b6362f433,63c70ae8-4dfb-418b-b21b-f0b1e5fba6c9,steinmetzlab,3823.271565,20.31234246,23.05514583,2428.804151,6869.7546,4135.518277
485b50c8-71e1-4654-9a07-64395c15f5ed,9b528ad0-4599-4a55-9148-96cc1d93fb24,steinmetzlab,4148.268198,21.6881702,168.7656251,4803.637983,7948.665932,4329.6077
9b3ad89a-177f-4242-9a96-2fd98721e47f,a4747ac8-6a75-444f-b99b-696fff0243fd,hoferlab,5335.548417,13.52200939,18.5641849,1542.361217,8272.179112,5887.647942
367ea4c4-d1b7-47a6-9f18-5d0df9a3f4de,f4ffb731-8349-4fe4-806e-0232a84e52dd,hoferlab,3913.472937,7.270244476,-177.7795366,8494.876062,11105.81177,5257.009778
3d3d5a5e-df26-43ee-80b6-2d72d85668a5,0c828385-6dd6-4842-a702-c5075f5f5e81,churchlandlab_ucla,4356.774776,14.99134699,146.6418178,4166.309985,8594.694323,4708.491524
810416d1-ce3c-4b2e-a827-6cdc65c8cd5c,e6043c7d-8f6e-4b66-8309-2ec0abac0f79,steinmetzlab,5575.733129,18.89482868,168.7524209,5520.921724,6952.180448,5750.282467
4279e354-a6b8-4eff-8245-7c8723b07834,ffef0311-8ffa-49e3-a857-b3adf6d86e12,cortexlab,4955.668174,0.328212014,2.018741949,2996.629822,5026,6205.586865
507b20cf-4ab0-4f55-9a81-88b02839d127,e45481fa-be22-4365-972c-e7404ed8ab5a,cortexlab,5227.932751,0.519786517,1.208170994,3002.583461,4651,6652.717621
f2a098e7-a67e-4125-92d8-36fc6b606c45,e45481fa-be22-4365-972c-e7404ed8ab5a,cortexlab,4389.918192,15.4701826,160.2529477,4577.09321,7970.627886,4655.868808
80f6ffdd-f692-450f-ab19-cd6d45bfd73e,e2b845a1-e313-4a08-bc61-a5f662ed295e,churchlandlab_ucla,4310.896033,18.77552453,153.0304527,4486.615542,8154.259418,4606.499626
ac839451-05bc-493e-b167-558b2b195baa,e2b845a1-e313-4a08-bc61-a5f662ed295e,churchlandlab_ucla,3692.288125,17.17806793,16.64108927,6580.183375,7987.289411,3877.580636
6ad5a0a6-362a-4aec-8743-2e91469b0b62,f99ac31f-171b-4208-a55d-5644c0ad51c3,churchlandlab_ucla,4430.336567,26.93136266,151.8838442,5944.80957,3870.631713,5624.865421
2e720cee-05cc-440e-a24b-13794b1ac01d,32d27583-56aa-4510-bc03-669036edad20,churchlandlab_ucla,6483.211333,31.35601283,133.1411627,5256.838358,11711.59411,6311.341791
c736dc60-0726-410d-8419-cb6ea025d5b1,90e524a2-aa63-47ce-b5b8-1b1941a1223a,hausserlab,6259.547605,9.941639247,137.8084698,4825.679596,9450.796278,6490.554976
9e069684-a4be-4b70-b9e6-446309f977d4,09156021-9a1d-4e1d-ae59-48cbde3c5d42,hausserlab,3641.432952,22.03601175,18.11192049,926.4684664,8574.724571,4350.419802
e5bc1f00-f4b8-4b35-a9b6-60d9cc7959a1,9a6e127b-bb07-4be2-92e2-53dd858c2762,hausserlab,5097.766666,23.06256623,16.40360241,1009.305495,8763.950437,5315.34108
6292dc98-e2f1-45de-b045-56d98fdaca75,64977c74-9c04-437a-9ea1-50386c4996db,hausserlab,5013.745086,9.764727112,33.74542061,1692.925953,8197.370034,5816.108441
54455bff-7afd-4a16-835f-f79b7c30bae9,6f36868f-5cc1-450c-82fa-6b9829ce0cfe,churchlandlab_ucla,2771.519826,27.89390379,167.3596892,6015.190112,7283.73825,2699.511938
7c94d733-b913-4064-83f2-37422712204c,6f36868f-5cc1-450c-82fa-6b9829ce0cfe,churchlandlab_ucla,3383.0762,17.44439479,43.45863661,2813.836852,4972.583383,4627.482892
e96cbd77-5fdf-4a35-81f4-4a6361bded65,5455a21c-1be7-4cae-ae8e-8853a8d5f55e,churchlandlab_ucla,3396.787035,23.79801137,151.8025051,5882.986506,6597.648683,3607.970712
27bac116-ea57-4512-ad35-714a62d259cd,111c1762-7908-47e0-9f40-2f2ee55b6505,churchlandlab_ucla,4087.512305,28.0233338,134.4909103,4470.837165,8919.968523,4158.277347
eebcaf65-7fa4-4118-869d-a084e84530e2,111c1762-7908-47e0-9f40-2f2ee55b6505,churchlandlab_ucla,4483.52925,23.2001436,52.03714383,6388.484043,8967.536852,4445.965752
29418b18-4db6-436f-a85e-b0f1d38d2e62,bda2faf5-9563-4940-a80f-ce444259e47b,churchlandlab_ucla,2453.297126,18.91738027,7.515155133,1936.462284,10079.02516,3545.787329
5245b505-d0e7-4942-94d1-b33a084fab03,8d316998-28c3-4265-b029-e2ca82375b2f,churchlandlab_ucla,2163.170237,24.84075047,23.38171587,2740.882094,3660.639065,3713.031395
e05af01e-8721-4ec7-8d0f-dc022b3bebc3,fa8ad50d-76f2-45fa-a52f-08fe3d942345,churchlandlab_ucla,5963.249353,14.18894722,144.3030841,6087.079673,6377.906389,6406.326439
02cc03e4-8015-4050-bb42-6c832091febb,2bdf206a-820f-402f-920a-9e86cd5388a4,churchlandlab_ucla,4613.776792,20.35065042,155.6087836,4961.301142,8187.605496,4750.793478
afe87fbb-3a17-461f-b333-e22903f1d70d,2bdf206a-820f-402f-920a-9e86cd5388a4,churchlandlab_ucla,4393.861121,17.30262973,29.25650922,6834.880424,7963.667801,4670.026381
bbe6ebc1-d32f-42dd-a89c-211226737deb,1b715600-0cbc-442c-bd00-5b0ac2865de1,cortexlab,3930.408093,8.921150594,156.5755631,3984.27581,7842.303509,4332.860718
f639f4f3-ac14-4114-b712-f445463597e4,1b715600-0cbc-442c-bd00-5b0ac2865de1,cortexlab,6409.700201,7.840787733,7.53159948,5183.127201,7114.612384,6674.775762
501ab543-9d02-4085-956d-22b9b3eeb543,3537d970-f515-4786-853f-23de525e110f,churchlandlab_ucla,3999.36589,18.83595168,159.5916056,3610.184224,7475.265315,4735.187289
c872ca65-8319-4901-856e-7dc507e2dd9c,19b44992-d527-4a12-8bda-aa11379cb08c,churchlandlab_ucla,5291.015521,22.27127023,147.244676,5636.395644,4384.947676,6471.305088
f083fcd5-e456-433d-8aa5-6ace0a7ac170,19b44992-d527-4a12-8bda-aa11379cb08c,churchlandlab_ucla,4988.467472,8.221838826,45.11001301,3721.532451,9655.404676,5312.194979
6358854e-51d2-47de-a278-5cbfd155feb6,ebc9392c-1ecb-4b4b-a545-4e3d70d23611,churchlandlab_ucla,4060.816828,27.27203938,148.0277106,5753.465777,4635.273714,4959.420287
a94a0023-d461-49fa-8cc6-032237039c27,8a3a0197-b40a-449f-be55-c00b23253bbf,churchlandlab_ucla,4388.889475,15.21514319,25.61606598,6586.374006,8672.984335,4585.046454
f9d8aacd-b2a0-49f2-bd71-c2f5aadcfdd1,8a3a0197-b40a-449f-be55-c00b23253bbf,churchlandlab_ucla,4858.866469,16.24691493,162.7324467,4448.131162,8378.516524,5189.827249
46cd9c0a-39de-4aeb-90a6-86a2fda0b1a4,58c4bf97-ec3b-45b4-9db4-d5d9515d5b00,hausserlab,5671.911997,18.30593725,167.0466291,6286.161544,9649.3365,5784.873179
f967a527-257f-404a-871d-b91575dca3b4,19e66dc9-bf9f-430b-9d6a-acfa85de6fb7,churchlandlab_ucla,4068.220404,17.91443423,158.36844,4513.240202,6811.300723,4520.980642
1878c999-d523-474a-9d4e-8dde53d7324c,30af8629-7b96-45b7-8778-374720ddbc5e,hausserlab,5312.945693,6.182612461,59.77555865,2511.965181,7569.408127,6032.043968
3c9c3757-32dd-40cf-83ec-5e21731ce9c5,cea755db-4eee-4138-bdd6-fc23a572f5a1,hausserlab,6375.345087,12.16571952,138.5443855,4531.941319,9664.47675,6682.168584
2cbb5bc7-edbd-431e-a931-21e466d20dec,1b61b7f2-a599-4e40-abd6-3e758d2c9e25,hausserlab,4580.915228,15.91847762,162.7355936,8124.797823,9547.877915,4780.250455
b83407f8-8220-46f9-9b90-a4c9f150c572,bb099402-fb31-4cfd-824e-1c97530a0875,churchlandlab_ucla,3934.737611,22.49890931,135.5181752,4624.268572,9080.011132,4035.252208
e8901184-9f60-4309-bee5-c3c95030550a,f27e6cd6-cdd3-4524-b8e3-8146046e2a7d,hausserlab,6418.605214,22.42212047,19.21353833,4013.13861,7830.687876,6158.351233
a6bcfe32-69ce-414f-80bc-495d1b4906af,68775ca0-b056-48d5-b6ae-a4c2a76ae48f,hausserlab,5106.324111,13.45801797,30.48718217,3675.897052,8777.934179,5141.108079
81f0087b-2bd1-4e48-8e86-e8206aee3d9d,8b1f4024-3d96-4ee7-95f9-8a1dfd4ce4ef,hausserlab,5112.91867,14.52509335,145.9697937,5162.730192,8342.636028,5224.499004
594664af-9033-4651-861d-2be9277c9866,10fac7a1-919d-4ca7-83c4-4675bd8d9416,hausserlab,4158.906676,18.56285404,158.0836562,5328.282976,8219.173628,4217.539549
94e948c1-f7be-4868-893a-f7cd2df3313e,03d9a098-07bf-4765-88b7-85f8d8f620cc,churchlandlab_ucla,4914.688297,11.7829279,179.7630181,4478.592268,8354.150996,5236.12735
e42e948c-3154-45cb-bf52-408b7cda0f2f,d57df551-6dcb-4242-9c72-b806cff5613a,churchlandlab_ucla,4332.211011,11.56157361,137.4284138,4164.419198,8637.391136,4669.309954
7c11adc6-adbd-484f-8ae9-13946285e3f8,5bcafa14-71cb-42fa-8265-ce5cda1b89e0,angelakilab,5070.029645,9.273782975,14.3327606,8058.384453,11077.26238,7078.76212
e4632651-5ba7-48a7-86db-5298b45a5bac,5bcafa14-71cb-42fa-8265-ce5cda1b89e0,angelakilab,4410.625952,10.92616543,-148.4647291,4962.54416,10212.74879,5580.671252
c07d13ed-e387-4457-8e33-1d16aed3fd92,824cf03d-4012-4ab1-b499-c83a92c5589e,churchlandlab_ucla,4588.243939,9.899893023,-180,4288.844213,7650,4944.923368
76f16631-cbf7-4883-9437-4e8d8c4f34a3,537677fe-1e24-4755-948c-fa4a4e8ecce5,angelakilab,4969.319848,9.237221675,15.42146596,8056.032721,11987.11886,6979.87866
e7080659-8319-48a6-b6fd-2e8ce8eeec49,537677fe-1e24-4755-948c-fa4a4e8ecce5,angelakilab,4151.912189,12.10271746,-176.4559908,5868.845657,8271.18923,4234.628856
18be19f9-6ca5-4fc8-9220-ba43c3e75905,51e53aff-1d5d-4182-a684-aba783d50ae5,angelakilab,6457.172412,11.49045263,-12.10684061,3442.310864,8205.21775,6502.757196
1a60a6e1-da99-4d4e-a734-39b1d4544fad,51e53aff-1d5d-4182-a684-aba783d50ae5,angelakilab,3932.005596,12.41320706,-179.577694,4295.202737,7418.77021,4315.086136
ad256265-03f2-4b4e-954b-0ba0c5cf6707,1f095590-6669-46c9-986b-ccaf0620c5e9,churchlandlab_ucla,5120.249866,21.28107089,-3.890383442,6220.921348,7298.91423,5271.1061
aeb06797-fddf-4ad2-b0ef-dd1b0f54d034,3d59aa1a-b4ba-47fe-b9cf-741b5fdb0c7b,angelakilab,6278.491401,19.68687818,19.87913935,4210.938458,9694.211244,6336.499272
9991277b-9e8e-4db8-b8a6-e2c0176ef9ad,93ad879a-aa42-4150-83e1-38773c9785e4,angelakilab,4247.250481,9.635003208,-164.1931619,5408.985823,10981.36335,5212.33864
450cea3b-9289-4708-9df2-a2518bdc4b59,a405053a-eb13-4aa4-850c-5a337e5dc7fd,angelakilab,4484.235986,9.626958246,171.01469,4940.708073,4442.121968,5546.08656
89606895-287e-4559-8536-9830b047af34,fc43390d-457e-463a-9fd4-b94a0a8b48f5,angelakilab,4446.365448,17.84032033,19.91084452,6019.216083,12988.91151,6182.557662
da17779f-7728-4c51-8b54-b88764c0908d,64e3fb86-928c-4079-865c-b364205b502e,angelakilab,3836.852179,12.66219563,49.87216768,1432.948956,5918.072032,5543.537588
05ec6af9-6c83-422d-91a3-ba815fa65e92,288bfbf3-3700-4abe-b6e4-130b5c541e61,angelakilab,4920.591303,17.48727932,35.63633426,7748.288454,12661.49416,6868.179726
7dcd74a9-fc7a-4c3c-85b9-769d869629ec,288bfbf3-3700-4abe-b6e4-130b5c541e61,angelakilab,3707.995584,9.79113377,138.9614574,3725.61931,6239.011604,4478.985757
f8249eab-d4c2-4fb0-a258-7f4b99fa19e4,6434f2f5-6bce-42b8-8563-d93d493613a2,angelakilab,4288.588138,15.07129271,145.5309963,3244.342684,4631.114714,6441.073709
79fbd14b-bfad-4b28-90a9-3019bf72336f,72982282-e493-45ee-87ce-aa45cb3a3ec1,angelakilab,3919.295964,13.68244546,140.0789253,2860.998626,6169.931618,5333.072764
a4ed0599-4a72-4afb-8fe9-d0d046aec6aa,72982282-e493-45ee-87ce-aa45cb3a3ec1,angelakilab,3562.819674,5.495397895,23.60468559,2012.35162,11111.62317,5596.444576
3eb6e6e0-8a57-49d6-b7c9-f39d5834e682,0802ced5-33a3-405e-8336-b65ebc5cb07c,mainenlab,4173.76162,11.98379313,-23.35264015,7079.372189,7281.481631,4507.800212
7d999a68-0215-4e45-8e6c-879c6ca2b771,0802ced5-33a3-405e-8336-b65ebc5cb07c,mainenlab,3697.200676,11.80587103,-156.1049748,4116.599181,7093.597267,4093.99168
4e6dfe08-cab0-4a05-903b-94283cb9f8e7,15948667-747b-4702-9d53-354ac70e9119,angelakilab,3816.588857,7.661191263,-167.3311448,5771.420751,10663.41027,4957.520942
7587e3bb-dd11-4853-b48b-feab0b56ae05,15948667-747b-4702-9d53-354ac70e9119,angelakilab,5445.200138,14.08205995,25.52012092,3904.384236,11345.79495,6406.562327
98bde8a6-6b6a-4e53-96b1-9078c3974a97,d32876dd-8303-4720-8e7e-20678dc2fd71,angelakilab,4158.521234,15.98103701,154.1594145,2955.440382,4699.035142,6647.806324
1f555fc6-5067-428b-a284-da6fb0b6b3a0,58b1e920-cfc8-467e-b28b-7654a55d0977,wittenlab,3377.943894,9.666707966,-175.4074019,3640.391673,9379.583179,4104.981159
366dabe3-2790-4511-a7dc-023a1ad9df75,86b6ba67-c1db-4333-add0-f8105ea6e363,wittenlab,5090.507708,8.643993199,-67.3182283,7579.977394,10744.09503,6357.686018
fcc167d6-cb53-4dc7-a58f-06a53cfabc84,86b6ba67-c1db-4333-add0-f8105ea6e363,wittenlab,3384.25267,5.48944028,-123.0930137,4501.764919,9228.770875,3868.731967
5a5a2320-3b0d-485d-aba2-dc96357e00d8,69a0e953-a643-4f0e-bb26-dc65af3ea7d7,wittenlab,3635.813373,5.475580418,118.6464568,4091.321779,6279.468073,4194.223002
88e1154c-bd92-446d-bd6d-550062666223,821f1883-27f3-411d-afd3-fb8241bbc39a,wittenlab,3478.165521,7.159180744,69.69235155,1649.559114,6681.527772,5026.048841
7d63ab43-95e4-41f5-bd43-c629578de7a9,af55d16f-0e31-4073-bdb5-26da54914aa2,wittenlab,4871.984872,7.725492262,77.17162896,2729.585747,6638.579443,5777.764243
06d42449-d6ac-4c35-8f85-24ecfbc08bc1,e9fc0a2d-c69d-44d1-9fa3-314782387cae,wittenlab,4830.573051,9.462453936,104.4012778,3072.514794,6544.198114,5789.846081
db2100c3-64ac-463e-97a1-20ce8266cd5f,0cc486c3-8c7b-494d-aa04-b70e2690bcba,wittenlab,5836.899231,9.459690406,25.92971613,5737.2574,7669.478396,5982.526006
b25799a5-09e8-4656-9c1b-44bc9cbb5279,d2832a38-27f6-452d-91d6-af72d794136c,wittenlab,4146.494235,7.318564215,123.213383,4214.328994,7541.915727,4487.713661
e17db2b6-b778-4e2a-845c-c4d040b0c875,7cec9792-b8f9-4878-be7e-f08103dc0323,mainenlab,4473.932554,13.93772858,158.9471123,5780.691385,10637.11424,5542.211407
0b8ea3ec-e75b-41a1-9442-64f5fbc11a5a,a4a74102-2af5-45dc-9e41-ef7f5aed88be,mainenlab,4473.636414,8.767287441,156.6305002,4125.941471,7595.47355,4896.364506
a5f2ec22-0ff3-4249-bd2f-6247c3990e53,a4a74102-2af5-45dc-9e41-ef7f5aed88be,mainenlab,7156.518677,19.13041688,2.581417905,3832.049233,5330.631353,7511.300414
523f8301-4f56-4faf-ab33-a9ff11331118,88224abb-5746-431f-9c17-17d7ef806e6a,mainenlab,4123.363213,18.40602593,167.6369593,4346.755731,7753.753737,4487.423533
ae03524f-e493-4077-99b1-588244de9a98,88224abb-5746-431f-9c17-17d7ef806e6a,mainenlab,6076.504172,13.78001008,17.5703496,4570.134465,7836.933328,6276.606842
5a4740a3-8e93-495d-b6cf-83dccba01d7a,72cb5550-43b4-4ef0-add5-e4adfdfb5e02,mainenlab,3432.022429,8.66983844,-39.70753159,6601.998766,11069.48462,4617.806001
f4bd76a6-66c9-41f3-9311-6962315f8fc8,72cb5550-43b4-4ef0-add5-e4adfdfb5e02,mainenlab,4303.609183,14.30556042,144.9361226,4345.399131,7710.907315,4645.161821
08ed0b3c-9f94-4c1f-8522-3d42a642a6b0,91a3353a-2da1-420d-8c7c-fad2fedfdd18,angelakilab,5731.055816,12.67382167,32.25361664,1711.627329,6371.032037,6691.418007
a85b9795-f99c-4c1d-a376-8b5ef095ffd7,91a3353a-2da1-420d-8c7c-fad2fedfdd18,angelakilab,4373.240167,16.0792719,156.7537495,3687.911104,5428.058074,5727.156459
1df6ebb3-9d16-4c0f-96cc-e1b1596d2006,ac7d3064-7f09-48a3-88d2-e86a4eb86461,cortexlab,4991.213469,6.997484895,102.8263239,1659.986843,8067.885842,6529.036417
2c401cbd-b95c-4ebe-8a83-92b55ab49542,ac7d3064-7f09-48a3-88d2-e86a4eb86461,cortexlab,3392.504643,16.50865732,136.0717366,4119.292155,3043.792233,5652.654778
082187a0-121f-47d5-962a-a9ad467e7124,7082d8ff-255a-47d7-a839-bf093483ec30,cortexlab,6513.549938,3.741649252,-47.29361227,4536.707142,5112.6499,7174.665948
2122d807-13ab-494e-a1cc-e55cf24d3e9f,7082d8ff-255a-47d7-a839-bf093483ec30,cortexlab,4009.995825,13.707664,149.5086425,4943.828173,5907.160302,4620.780844
0777b1bf-964b-49b7-888b-8a6c9df09c3b,ee212778-3903-4f5b-ac4b-a72f22debf03,angelakilab,4403.002598,15.52842678,155.7167731,4374.464202,5809.760569,5242.283082
9793c99d-f918-4931-8bba-fdb978bd8e0a,ee212778-3903-4f5b-ac4b-a72f22debf03,angelakilab,5372.095552,14.85050658,22.45132699,4377.502935,9525.819527,6567.655935
a8adabd7-7979-4fcf-99e7-d9bd9d27896f,4503697e-af44-47d9-898d-4924be990240,cortexlab,6145.439131,9.214806118,21.17165581,4032.317007,4405.423598,7141.131725
01864e9d-0dbe-41d4-9e3a-0285348ecfc1,fa1f26a1-eb49-4b24-917e-19f02a18ac61,angelakilab,5651.663223,14.99726179,28.33972172,4112.785344,9819.245231,6584.157368
a9e83d8a-7c90-4152-abad-53a1ad94d73a,fa1f26a1-eb49-4b24-917e-19f02a18ac61,angelakilab,4183.324351,17.78471709,163.0538787,4847.278856,5747.431691,4858.407041
16799c7a-e395-435d-a4c4-a678007e1550,0a018f12-ee06-4b11-97aa-bbbff5448e9f,cortexlab,4077.299639,14.7055784,151.0514044,4180.708473,7975.98068,4468.739706
117f0d28-3cc0-4837-9e3e-46db5bc3e662,35ed605c-1a1a-47b1-86ff-2b56144f55af,angelakilab,4737.603089,14.42695433,149.5768787,3617.829127,6022.709052,5888.207797
0909252c-3ad0-413f-96f5-7eff885b50aa,6ed57216-498d-48a6-b48b-a243a34710ea,angelakilab,5455.915056,10.11534502,34.75349186,3912.711068,10421.23284,6621.109282
e45a00b1-14a0-4f5e-9ea5-9f76d042b11c,6ed57216-498d-48a6-b48b-a243a34710ea,angelakilab,3988.059513,16.12708336,153.6311224,4442.499638,7692.009318,4306.121243
0a0184b3-9e1a-4c36-98f4-00ae3beb8f01,872ce8ff-9fb3-485c-be00-bc5479e0095b,cortexlab,4332.755666,4.539508274,13.02157694,1890.895704,9327.266592,5519.163791
625a7bc9-00cf-44f6-a508-3ed89d23ba3a,872ce8ff-9fb3-485c-be00-bc5479e0095b,cortexlab,3946.170943,11.50730155,162.2109745,2374.593505,9390.509776,5616.850105
8abf098f-d4f6-4957-9c0a-f53685db74cc,b22f694e-4a34-4142-ab9d-2556c3487086,cortexlab,4171.383888,18.34547848,148.1883319,4615.705499,8167.081315,4409.377254
8b735d77-b77b-4243-8821-37802bf402fe,b22f694e-4a34-4142-ab9d-2556c3487086,cortexlab,3490.94607,7.55878839,44.90864969,1474.771562,9624.193023,5085.611191
adcd791c-ead3-4572-a9cb-028bbee1d2e4,6f6d2c8e-28be-49f4-ae4d-06be2d3148c1,mainenlab,4621.598789,14.62447016,171.5922743,5454.332589,3895.616053,5746.865584
664de6d9-bba2-424b-b76c-bb61900c015f,d0c91c3c-8cbb-4929-8657-31f18bffc294,mainenlab,6090.148658,10.81807149,-16.27103019,2477.716309,5529.733953,6681.915148
7441d0df-ef9b-419b-ae4d-b9bd7c2f17cb,f359281f-6941-4bfd-90d4-940be22ed3c3,angelakilab,1882.068014,6.118781551,89.46101326,8873.112874,12550.60077,4296.34598
4431f9fd-aaa8-4b10-905c-0c6869ea1088,71855308-7e54-41d7-a7a4-b042e78e3b4f,angelakilab,4542.357125,12.82513313,170.1486368,3368.427918,11122.51207,6479.034749
5f7766ce-8e2e-410c-9195-6bf089fea4fd,71855308-7e54-41d7-a7a4-b042e78e3b4f,angelakilab,3254.687454,6.038475007,58.8799153,2673.046044,10843.10757,5411.628751
ef7e9f3e-a53a-4e00-8f6a-537667af2bea,8ca740c5-e7fe-430a-aa10-e74e9c3cbbe8,angelakilab,2591.209721,14.950183,168.8826729,1955.933568,9903.895062,5028.498559
43b9b189-5221-46a0-928a-e137bc326534,5157810e-0fff-4bcf-b19d-32d4e39c7dfc,angelakilab,5333.13511,6.227060804,46.49893452,3468.990077,10812.38369,6976.668786
c410fda5-a6db-4697-a7e3-6ed65601844d,5157810e-0fff-4bcf-b19d-32d4e39c7dfc,angelakilab,4248.473163,15.74819275,163.362548,4954.805581,10355.14335,5014.001616
b8dbd3af-a589-41e4-878c-3372eaa1a8f6,0b7ee1b6-42db-46cd-a465-08f531366187,mainenlab,5539.737832,10.83679027,37.09514782,3894.233414,5803.193245,6190.946184
af2a0072-e17e-4368-b80b-1359bf6d4647,113c5b6c-940e-4b21-b462-789b4c2be0e5,mainenlab,3513.682179,19.41224396,173.8352454,5561.063618,5250.409265,4113.935161
be76cfe3-b2bb-4358-956b-0fad07215972,71e03be6-b497-4991-a121-9416dcc1a6e7,mainenlab,5810.385741,12.66679748,9.06951173,4816.822765,6375.840722,6143.971292
8ac7e5d5-57a4-41c8-a35d-8195784bfe95,ab8a0899-a59f-42e4-8807-95b14056104b,mainenlab,6528.882604,12.86779547,12.48395349,4855.380974,6989.304861,6689.919665
05ccc92c-fcb0-4e92-84d3-de033890c7a8,f5591ac5-311d-4fa8-9bad-029d7be9c491,mainenlab,5025.747431,5.878808885,41.94940986,2167.154534,7294.103995,5874.315857
7be00744-2e27-4062-8f56-3969e24e9990,1a507308-c63a-4e02-8f32-3239a07dc578,mainenlab,3645.216256,17.17572794,165.8261323,3993.674482,7163.583809,4207.652538
834fca72-0b69-44e4-b77e-95a61290b50d,1a507308-c63a-4e02-8f32-3239a07dc578,mainenlab,5141.756507,12.0282796,33.61152322,3832.632896,7868.146015,5253.868535
b7c57ce1-a75b-410a-94b6-8abee5a92c4f,21d21fc3-4201-4edc-802a-c67b61952548,angelakilab,3365.456753,13.74045992,172.2360841,5767.049473,9757.989144,4319.142875
176b4fe3-f570-4d9f-9e25-a5d218f75c8b,dc21e80d-97d7-44ca-a729-a8e3f9b14305,wittenlab,4267.860175,10.95227665,25.71655325,2494.457628,10151.84628,5065.124403
0fcb5f66-4d56-4247-8413-aef51e484e67,09394481-8dd2-4d5c-9327-f2753ede92d7,wittenlab,5427.949634,9.034950792,3.566365657,6849.262164,11403.02252,6585.603602
da57bb3a-b0f2-465d-a5fc-cc84341450b0,09394481-8dd2-4d5c-9327-f2753ede92d7,wittenlab,4528.933151,18.86994612,167.0891571,4327.722092,10377.27639,5460.526255
7332e6cf-9847-4aca-b2e3-d864989dd0fb,aec5d3cc-4bb2-4349-80a9-0395b76f04e2,angelakilab,5641.074242,8.098344555,22.55547694,5266.112726,11504.8189,6459.819917
789fd2ee-c755-46c5-9c6f-260092520216,aec5d3cc-4bb2-4349-80a9-0395b76f04e2,angelakilab,4057.070126,14.78958069,-170.8868295,3747.575485,11435.96885,5747.658686
5b489aee-75e8-42af-aca6-3026d9a54c2d,8c2f7f4d-7346-42a4-a715-4d37a5208535,wittenlab,4760.433778,14.47433439,164.6924081,4047.639731,10439.12216,5859.336186
d8c7d3f2-f8e7-451d-bca1-7800f4ef52ed,a9138924-4395-4981-83d1-530f6ff7c8fc,wittenlab,2371.117623,16.4062617,165.9198972,8824.592894,12462.92666,4174.573094
84fd7fa3-6c2d-4233-b265-46a427d3d68d,ff96bfe1-d925-4553-94b5-bf8297adf259,wittenlab,3615.169062,12.92608714,120.4397119,3934.708447,7322.223494,4048.558675
86553ccc-2e51-4cfb-a8e6-80da6860c8d9,ff96bfe1-d925-4553-94b5-bf8297adf259,wittenlab,5003.712212,6.531401369,26.00661794,7688.470384,12424.56281,6821.236441
16ad5eef-3fa6-4c75-9296-29bf40c5cfaa,83d85891-bd75-4557-91b4-1cbb5f8bfc9d,angelakilab,2871.958658,13.15514971,154.356377,9239.245385,11982.8709,4671.590864
66f810a8-b18d-4b54-9f28-2964dfceccad,83d85891-bd75-4557-91b4-1cbb5f8bfc9d,angelakilab,6408.410972,15.46056859,54.04514019,5271.962086,6807.853021,6851.517113
decc8d40-cf74-4263-ae9d-a0cc68b47e86,f88d4dd4-ccd7-400e-9035-fa00be3bcfa8,angelakilab,3532.603007,6.054515752,44.56081164,4209.520087,4936.440837,4462.898107
c4b5a9fa-10cb-4195-9c17-15b6a1f77f9a,7af49c00-63dd-4fed-b2e0-1b3bd945b20b,angelakilab,4513.631183,13.11612761,92.58515953,3046.198368,5298.2154,6070.880163
f93bfce4-e814-4ae3-9cdf-59f4dcdedf51,7af49c00-63dd-4fed-b2e0-1b3bd945b20b,angelakilab,4629.298664,18.21792454,155.4612012,4416.550508,8151.063647,4972.251798
be95fb3b-d607-409a-968e-98a3e9bcb577,3f6e25ae-c007-4dc3-aa77-450fd5705046,mainenlab,5115.927986,20.5410955,30.37718123,4551.363946,3532.750508,6640.66118
688606f8-9733-46f2-8331-b2dd84c5d385,2c44a360-5a56-4971-8009-f469fb59de98,mainenlab,5548.766684,19.79115582,41.30059845,4938.559089,4265.007259,6721.017934
eab03c6e-bf98-48d2-8a0c-1887f34dd554,2c44a360-5a56-4971-8009-f469fb59de98,mainenlab,4427.992988,19.11998684,169.6422366,6076.743123,6260.769334,4658.721467
c2ebf259-9777-4a8f-b1de-5302776961d2,9b5a1754-ac99-4d53-97d3-35c2f6638507,mainenlab,5655.703921,9.746663667,58.64236971,3476.755434,5567.614604,6624.06903
0851db85-2889-4070-ac18-a40e8ebd96ba,73918ae1-e4fd-4c18-b132-00cb555b1ad2,wittenlab,3245.743376,12.56615082,175.71342,4504.190139,7627.782455,3517.993107
c9fb5e2e-bd92-41d8-8b7e-394005860a1e,73918ae1-e4fd-4c18-b132-00cb555b1ad2,wittenlab,6197.985791,7.323746817,17.04880664,2969.627769,8181.644248,6497.420727
94761f31-0dfc-4f67-87ef-6d1ac7f95144,f304211a-81b1-446f-a435-25e589fe3a5a,wittenlab,3591.304621,11.73483488,-179.3683909,4680.364524,7766.948385,3816.243978
f31bef35-3f56-4ca9-a34f-09d678f03039,f304211a-81b1-446f-a435-25e589fe3a5a,wittenlab,3110.481078,11.66308471,9.153278378,5779.203497,8225.027656,3221.25979
fddceb2e-82ba-493d-baba-c5d8af65981f,4aa1d525-5c7d-4c50-a147-ec53a9014812,mainenlab,4530.766523,18.38158306,167.2269148,5143.393295,4940.882928,5474.595142
36362f75-96d8-4ed4-a728-5e72284d0995,d0ea3148-948d-4817-94f8-dcaf2342bbbe,mainenlab,4869.174644,16.51768375,173.1458722,4799.467441,7665.212403,5143.233695
19137f8d-0f3b-4923-93ad-f741758e1b2e,952870e5-f2a7-4518-9e6d-71585460f6fe,wittenlab,3900.803671,13.22923383,177.0902587,4891.538596,8120.315365,4072.285179
727ff7c4-d63f-4bd8-9888-f134a25b874f,952870e5-f2a7-4518-9e6d-71585460f6fe,wittenlab,4789.673482,14.61235035,7.021478389,5200.732999,8097.707838,4809.7506
30dfb8c6-9202-43fd-a92d-19fe68602b6f,c728f6fd-58e2-448d-aefb-a72c637b604c,wittenlab,4292.274438,9.107277456,-166.0633343,8309.396459,11486.36799,5513.164783
4037a618-e6ba-4142-a6d2-3e32ef25fd1b,c728f6fd-58e2-448d-aefb-a72c637b604c,wittenlab,6048.380001,11.26782028,18.70105511,6705.56983,12078.92918,7331.794788
76c5c1a1-3617-4727-9f75-d975c9a08203,25d1920e-a2af-4b6c-9f2e-fc6c65576544,wittenlab,4611.33513,8.471807547,-155.5318141,7243.342672,11393.61955,5586.018424
c0e59477-43f0-4441-9f81-3a55ddad9dad,25d1920e-a2af-4b6c-9f2e-fc6c65576544,wittenlab,5979.565911,16.40113679,-10.96559279,5217.434211,11353.83474,6961.247642
25e75514-43e1-4c07-9fea-581bd203b55c,9545aa05-3945-4054-a5c3-a259f7209d61,mrsicflogellab,4539.205814,20.33804328,10.74617819,5975.028583,13044.16415,6456.224321
58b271d5-f728-4de8-b2ae-51908931247c,9545aa05-3945-4054-a5c3-a259f7209d61,mrsicflogellab,3470.153723,17.93096867,175.1257396,8164.495752,12540.77777,5051.601891
3017e4dc-2150-43ad-9b08-b95b48ba8dfa,781b35fd-e1f0-4d14-b2bb-95b7263082bb,cortexlab,6879.137176,5.541502922,27.20751824,3134.20415,7403.72583,7271.987598
70da415f-444d-4148-ade7-a1f58a16fcf8,781b35fd-e1f0-4d14-b2bb-95b7263082bb,cortexlab,4108.128997,16.33231924,141.7705495,3982.485215,8114.876058,4517.352934
0228bcfd-632e-49bd-acd4-c334cf9213e9,d3a2b25e-46d3-4f0b-ade6-4e32255f4c35,mrsicflogellab,3099.347421,18.31728054,171.2952676,7162.839352,12522.41652,4292.305761
ffb1b072-2de7-44a4-8115-5799b9866382,d3a2b25e-46d3-4f0b-ade6-4e32255f4c35,mrsicflogellab,5375.203269,18.37591583,13.65842843,6028.386576,12475.13559,6726.114184
bc2f8bde-9498-41d7-b9db-83bd05cd34ba,5285c561-80da-4563-8694-739da92e5dd0,wittenlab,4861.44189,10.75534838,-16.31477263,7554.309592,11370.1486,6501.040852
f698f893-da01-49a1-ae4b-16f7e42e5ff5,5285c561-80da-4563-8694-739da92e5dd0,wittenlab,4018.373108,13.00883505,164.5414113,2646.81775,9316.098016,5465.243031
72c095b0-c7ab-4e22-a4aa-4163102de553,f1db6257-85ef-4385-b415-2d078ec75df2,mrsicflogellab,5014.804154,21.42284279,8.389741383,6737.95448,11417.2481,6468.332699
de5d704c-4a5b-4fb0-b4af-71614c510a8b,f1db6257-85ef-4385-b415-2d078ec75df2,mrsicflogellab,3612.044702,17.61381953,175.40595,7689.49236,12612.5446,5042.703774
50445b30-f4ef-4405-b014-1d792ddfed88,a6fe44a8-07ab-49b8-81f9-e18575aa85cc,cortexlab,4691.805653,16.42099889,169.4009674,5203.711316,10068.96016,5200.428928
825ba9b8-ce03-49b7-b1a8-4d85ae2185af,a6fe44a8-07ab-49b8-81f9-e18575aa85cc,cortexlab,5107.858979,2.313318359,-122.0415029,3834.38214,9850.233809,6003.696276
1d547041-230a-4af3-ba6a-7287de2bdec3,e5c75b62-6871-4135-b3d0-f6464c2d90c0,cortexlab,3449.148827,8.494555451,161.9714271,5634.477585,10832.68347,4536.311335
aac3b928-e99a-4039-ace1-af45d0130d82,e5c75b62-6871-4135-b3d0-f6464c2d90c0,cortexlab,4067.86732,8.800831142,3.022428359,1203.481356,7257.816378,5344.972909
143dd7cf-6a47-47a1-906d-927ad7fe9117,3638d102-e8b6-4230-8742-e548cd87a949,mrsicflogellab,3864.208787,12.37059645,131.8302894,3902.111893,8091.846956,4249.490937
0c42a3d2-beb7-4b7b-a9b5-1eea6c51e1f4,9468fa93-21ae-4984-955c-e8402e280c83,cortexlab,3947.220763,15.25365568,150.1325105,5800.553075,5892.161259,4483.162305
f0dfd1c1-d315-4cf8-9130-05d3be2ea0cb,9468fa93-21ae-4984-955c-e8402e280c83,cortexlab,5672.563352,3.715092138,31.73497381,4462.398351,10768.33041,6760.642944
437f43e1-9c8f-4be9-ac89-97885b0e03d0,571d3ffe-54a5-473d-a265-5dc373eb7efc,cortexlab,3825.823061,10.0242321,159.5274239,4848.87961,10932.91873,5042.418903
aecd7612-b5c5-4ad2-9e76-e5b783387e47,571d3ffe-54a5-473d-a265-5dc373eb7efc,cortexlab,5865.505327,19.06379989,10.9831614,5019.295151,10914.99842,6693.814406
41ea689a-7e05-463b-915a-90e63b8c0572,aa3432cd-62bd-40bc-bc1c-a12d53bcbdcf,cortexlab,3932.353765,7.106874805,7.542619136,2667.696609,3938.861459,5677.141885
cc9d666c-6fe5-418d-9b37-114428d25454,aa3432cd-62bd-40bc-bc1c-a12d53bcbdcf,cortexlab,4026.988465,10.65245968,135.1245903,4277.509265,8650.220089,4307.589409
ad315779-2b39-46c4-8348-b166e796fa7c,dfbe628d-365b-461c-a07f-8b9911ba83aa,cortexlab,4327.411948,17.34817054,15.7585392,5433.160859,3475.43467,5555.559921
df350b09-a420-42bb-9952-17862cbb9f1c,dfbe628d-365b-461c-a07f-8b9911ba83aa,cortexlab,4468.388346,10.290208,135.728758,5046.550238,3482.192725,5971.516917
6eb8be8d-d089-43c6-b2e4-a6558ca16dcf,9e9c6fc0-4769-4d83-9ea4-b59a1230510e,mainenlab,3973.959575,14.76884619,179.1844926,5662.939253,5989.418431,4342.668458
1a276285-8b0e-4cc9-9f0a-a3a002978724,69c9a415-f7fa-4208-887b-1417c1479b48,cortexlab,4453.951449,2.373909164,-39.09434699,2681.819066,4733.663466,5875.129047
72274871-80e5-4fb9-be1a-bb04acebb1de,69c9a415-f7fa-4208-887b-1417c1479b48,cortexlab,2795.492762,18.59584649,-180,2641.456371,9025,4199.544361
63435e73-6a72-4007-b0da-03e6473e6870,0ac8d013-b91e-4732-bc7b-a1164ff3e445,cortexlab,4112.189407,16.15752164,178.4688155,2643.927676,8930.577845,5724.759003
8d661567-49f3-4547-997d-a345c0ffe2dd,0ac8d013-b91e-4732-bc7b-a1164ff3e445,cortexlab,3674.827369,5.456046859,-9.303924595,1230.186208,6218.510324,5483.178311
63a32e5c-f63a-450d-85cb-140947b67eaf,c4432264-e1ae-446f-8a07-6280abade813,mainenlab,3651.111026,11.06022807,-174.8347364,4347.587555,8061.940961,3958.295534
dce4e63f-7ece-4dae-bd6e-5b116c2fbe37,c4432264-e1ae-446f-8a07-6280abade813,mainenlab,4537.037779,21.03356988,-29.25685501,6654.313671,11054.15413,5909.736298
6efc58a4-e1cd-4eca-9205-7e4898cc1f8b,d7e60cc3-6020-429e-a654-636c6cc677ea,hoferlab,4209.607069,25.36850648,148.9696057,6245.457867,4779.720951,4978.678563
8ee585ba-d055-4bb5-bc5f-2266a3d62bf4,d7e60cc3-6020-429e-a654-636c6cc677ea,hoferlab,5992.321465,11.34576641,15.96001997,3666.575158,7649.148601,6075.218494
02328ef5-47d4-4690-b020-04b6315aa2d6,360eac0c-7d2d-4cc1-9dcf-79fc7afc56e7,hoferlab,5728.843318,9.38027077,26.86900749,3217.080093,4871.998036,6777.239189
06c6741e-9f2a-4114-8ca9-0dc5ccc951e6,360eac0c-7d2d-4cc1-9dcf-79fc7afc56e7,hoferlab,3995.200154,18.29882176,136.5167908,5035.151519,3288.194765,5743.170611
0f306cdc-878a-4ea0-9e91-b97736731637,81a1dca0-cc90-47c5-afe3-c277319c47c8,hoferlab,3827.163759,21.55769032,-172.9066057,5595.481739,7526.346941,3809.446273
8386f396-0a69-48b5-98d4-18801066ea76,81a1dca0-cc90-47c5-afe3-c277319c47c8,hoferlab,6632.860529,18.45915582,14.65993087,4093.217522,5181.509736,7241.597266
b33e4298-a735-4781-8dea-d7203b4137fb,875c1e5c-f7ec-45ac-ab82-ecfe7276a707,hoferlab,6020.205822,16.06481024,12.92368721,5101.261677,5897.592285,6410.11253
d151b391-e6e4-4daf-bd9c-191f4ad837b4,875c1e5c-f7ec-45ac-ab82-ecfe7276a707,hoferlab,3808.219845,18.33633236,172.8816723,5038.810686,7323.460389,3989.861969
530f1670-9412-44ac-afdb-935d46bcaad3,07dc4b76-5b93-4a03-82a0-b3d9cc73f412,cortexlab,3875.245486,11.57556745,5.330746306,6450.75569,9072.243548,4121.426503
97207d87-3fcd-4ebb-b0c7-087bdbf8a95c,07dc4b76-5b93-4a03-82a0-b3d9cc73f412,cortexlab,3895.242292,16.83138669,168.2216271,4979.143147,9455.232592,4153.374093
6fc4d73c-2071-43ec-a756-c6c6d8322c8b,dac3a4c1-b666-4de0-87e8-8c514483cacf,hoferlab,3897.96497,19.23265099,179.9089344,4734.006603,7152.040796,4155.414893
eb04cc7c-7c10-4e7f-8593-9c3b9b6986f5,dac3a4c1-b666-4de0-87e8-8c514483cacf,hoferlab,6081.412982,17.95249363,9.689347605,4427.275894,5915.483712,6410.323631
31d8dfb1-71fd-4c53-9229-7cd48bee07e4,493170a6-fd94-4ee4-884f-cc018c17eeb9,hoferlab,3883.324407,12.69984207,164.9802181,4099.557422,3421.24465,5763.319458
68f5f1e4-5e88-4aa5-8a1a-94b691adb11e,493170a6-fd94-4ee4-884f-cc018c17eeb9,hoferlab,5691.995034,12.63213387,-0.728238644,3305.315066,4534.179001,6529.216108
10ef1dcd-093c-4839-8f38-90a25edefb49,8c552ddc-813e-4035-81cc-3971b57efe65,cortexlab,4426.386325,12.89279316,154.033821,5512.948042,9832.432554,4789.793884
b98f6b89-3de4-4295-be1c-59e465de1e32,8c552ddc-813e-4035-81cc-3971b57efe65,cortexlab,4507.425375,4.875019757,46.82932723,1837.92557,6154.367343,5941.119503
d403c464-9d91-4338-b64b-81c299356972,032452e9-1886-449d-9c13-0f192572e19f,mrsicflogellab,5164.878132,14.78918755,22.57969679,2532.65664,9381.225087,5393.773866
6a098711-5423-4072-8909-7cff0e2d4531,75b6b132-d998-4fba-8482-961418ac957d,mrsicflogellab,4536.564336,17.99165676,27.48730718,5981.935254,11396.74859,5639.733165
88fe9ed9-9e3e-431a-8ecc-4cb2fe5bf448,75b6b132-d998-4fba-8482-961418ac957d,mrsicflogellab,4626.984166,22.1744548,169.1993981,4515.417004,10377.25197,5534.767569
0685d767-80a2-49b6-a51a-0e9b1dd7a14d,239cdbb1-68e2-4eb0-91d8-ae5ae4001c7a,mrsicflogellab,5788.056837,18.93315841,153.4592886,4655.109862,10614.16296,6449.909892
291fcd13-b629-49c0-baf8-57ed1351050e,239cdbb1-68e2-4eb0-91d8-ae5ae4001c7a,mrsicflogellab,4192.272718,18.30520349,37.56535554,6106.303888,11852.74933,5455.130964
bbf6a51e-2999-4982-803f-8769db095dd2,63f3dbc1-1a5f-44e5-98dd-ce25cd2b7871,mainenlab,3847.052233,18.61370246,175.7301938,5749.516971,10541.42297,4795.821021
61ed1a53-2f33-4a83-82ba-ec7dfa65bf60,5d6aa933-4b00-4e99-ae2d-5003657592e9,mainenlab,4655.575486,6.323989075,21.13413834,1696.678645,8809.896356,5702.245954
6728ddac-63ba-4e63-9884-395c7c16c7a3,5d6aa933-4b00-4e99-ae2d-5003657592e9,mainenlab,3774.405443,17.04943783,-168.5012569,5434.432041,10579.39458,4833.528349
784c5282-2749-48ca-b211-100d0b24e29b,09b2c4d1-058d-4c84-9fd4-97530f85baf6,mainenlab,5415.960766,7.842386595,2.057135732,3786.47667,10551.52719,6490.3062
b78b3c42-eee5-47c6-9717-743b78c0b721,09b2c4d1-058d-4c84-9fd4-97530f85baf6,mainenlab,4190.469423,16.02741834,164.9819512,3517.459972,8999.799814,4952.584546
50ebb677-e4a3-4421-b74f-1997a9cd1ad1,f84045b0-ce09-4ace-9d11-5ea491620707,mrsicflogellab,5946.756309,17.77490114,5.190646422,4877.85422,8062.801879,5837.877273
5d9a5895-0f28-416c-a6d6-3e781658ea57,f84045b0-ce09-4ace-9d11-5ea491620707,mrsicflogellab,1935.343441,5.814954787,180,8784.746348,12450,4250.38474
64aadf54-d662-4934-8c08-cad14ee5b69f,56bc129c-6265-407a-a208-cc16d20a6c01,mainenlab,4370.545675,15.47850826,167.1532949,7162.200911,11934.34074,5137.028724
4b93a168-0f3b-4124-88fa-a57046ca70e1,7cb81727-2097-4b52-b480-c89867b5b34c,mrsicflogellab,4167.913363,16.36030813,161.4613928,4225.244563,8240.534709,4549.15179
642a3373-6fee-4f2a-b8d6-38dd42ada763,7cb81727-2097-4b52-b480-c89867b5b34c,mrsicflogellab,4347.989937,16.07554043,23.37397102,6844.826646,8302.655244,4602.972453
f3988aec-b8c7-47d9-b1a0-5334eed7f92c,22e04698-b974-4805-b241-3b547dbf37bf,mrsicflogellab,3196.325484,9.039580472,177.0120626,8951.513495,12051.17733,5081.627244
2d544e7f-c8af-46b5-aaa0-caf0ad4d63a1,5b609f9b-75cb-43d3-9c39-b5b4b7a0db67,mainenlab,4301.520784,13.57544561,178.3238312,8209.244816,11704.53354,5381.343531
64f4afa4-ec5f-4ad6-ab28-415a9a8098ed,5b609f9b-75cb-43d3-9c39-b5b4b7a0db67,mainenlab,5694.691447,9.396414509,2.929137317,1971.475327,8322.510449,6243.282244
99993a2b-588e-4c0c-bfec-e3dfb4f61534,5569f363-0934-464e-9a5b-77c8e67791a1,angelakilab,4201.564918,12.20919452,-153.1899457,4343.040257,2849.231853,5906.533794
68f06c5f-8566-4a4f-a4b1-ab8398724913,1928bf72-2002-46a6-8930-728420402e01,mrsicflogellab,4860.109778,7.907404089,165.4303563,7194.919381,12616.37237,6288.898365
ee320f72-b613-4acd-b10d-3ceef332a949,1928bf72-2002-46a6-8930-728420402e01,mrsicflogellab,5555.612197,10.56376353,-8.499207676,2768.404636,9145.06871,5936.452858
39883ded-f5a2-4f4f-a98e-fb138eb8433e,746d1902-fa59-4cab-b0aa-013be36060d5,mainenlab,5599.523479,15.06874532,-6.365688161,6178.223609,11513.59528,6681.981577
e31b4e39-e350-47a9-aca4-72496d99ff2a,746d1902-fa59-4cab-b0aa-013be36060d5,mainenlab,4969.196806,15.88110248,171.1584386,4493.622869,7659.001922,5329.530591
7b05cccc-44f6-4491-a0ea-e38d6e95513d,77e6dc6a-66ed-433c-b1a2-778c914f523c,angelakilab,4848.648979,12.88692181,-141.1088512,3991.683502,3496.061686,6376.521826
19e0bf1e-018e-40cb-9acd-af8f0f66bd4a,cde63527-7f5a-4cc3-8ac2-215d82e7da26,danlab,4464.113644,10.88923389,108.5682893,2543.542311,8224.420653,5358.733828
10f59add-706e-41d0-87ed-9a55eb138a66,7416f387-b302-4ca3-8daf-03b585a1b7ec,mrsicflogellab,4758.521023,13.00729003,39.55526927,7949.228907,12357.05208,6611.424203
caf2170c-5463-46ce-8cd0-66f2e1e3376d,7416f387-b302-4ca3-8daf-03b585a1b7ec,mrsicflogellab,4401.101059,15.74701155,152.4412022,3908.893319,10377.60684,5310.925065
cb1c4327-5f5e-4286-85ed-840c85e82792,fc14c0d6-51cf-48ba-b326-56ed5a9420c3,mrsicflogellab,5780.027116,11.46158722,41.74215148,6768.007687,12714.684,7114.762662
3ccb2d59-9e94-48e6-9e72-0b7b96bd3f9b,45ef6691-7b80-4a43-bd1a-85fc00851ae8,mrsicflogellab,5575.791601,17.60853291,5.268336604,6545.382493,12479.87726,7264.541377
578ca001-8cf5-4d30-b58f-1d574eaf808a,45ef6691-7b80-4a43-bd1a-85fc00851ae8,mrsicflogellab,3519.301498,10.41427739,167.8098923,4196.819848,9784.329836,4136.326134
a6fe3779-2b77-4b66-a625-a6078720e412,e8b4fda3-7fe4-4706-8ec2-91036cfee6bd,danlab,4974.146979,4.491416808,155.6470004,3754.865218,8010.623133,5408.871752
fb0de39b-c750-4adc-af18-12bf8a22ed41,e8b4fda3-7fe4-4706-8ec2-91036cfee6bd,danlab,4735.070192,9.282932784,19.15206509,2678.462713,9700.589206,5323.058818
f26a6ab1-7e37-4f8d-bb50-295c056e1062,54238fd6-d2d0-4408-b1a9-d19d24fd29ce,danlab,4189.743538,5.263903081,143.9672657,3810.841387,7601.110934,4622.074111
7909c0aa-c074-4e19-aabf-b8167c682a5b,6bb5da8f-6858-4fdd-96d9-c34b3b841593,mrsicflogellab,6179.176541,16.03300167,67.10925088,3161.162123,9897.232482,6263.823707
04c9890f-2276-4c20-854f-305ff5c9b6cf,671c7ea7-6726-4fbe-adeb-f89c2c8e489b,mrsicflogellab,6073.583829,12.58538315,43.9524565,5163.085125,11764.21666,7002.650072
3e7618b8-34ca-4e48-ba3a-0e0f88a43131,671c7ea7-6726-4fbe-adeb-f89c2c8e489b,mrsicflogellab,3887.003486,21.44088786,163.0645892,3403.244429,7312.573735,4818.004159
099c0519-640b-4eb7-867c-998dc337579d,eebacd5a-7dcd-4ba6-9dff-ec2a4d2f19e0,mrsicflogellab,3837.335433,22.8219841,159.1182955,3481.444112,7966.861396,4636.927311
df6012d0-d921-4d0a-af2a-2a91030d0f42,eebacd5a-7dcd-4ba6-9dff-ec2a4d2f19e0,mrsicflogellab,5435.526429,12.79938564,35.72693302,4897.439025,11378.14585,6575.463
869bac48-ad1b-46b8-be00-cf6b26aea40e,6c6983ef-7383-4989-9183-32b1a300d17a,mrsicflogellab,4650.85703,14.54214636,158.1616802,7233.989378,12384.406,5576.858457
c0c3c95d-43c3-4e30-9ce7-0519d0473911,6c6983ef-7383-4989-9183-32b1a300d17a,mrsicflogellab,4561.573038,14.12791604,71.39106179,1869.698719,9330.211825,5423.600071
3a37fb5c-3e96-4a0e-ac63-2eeec6744588,91796ceb-e314-4859-9a1f-092f85cc846a,mrsicflogellab,4770.296227,16.19076815,148.0013895,7278.033091,12904.83527,5781.099724
779fbed1-4b0e-4d7d-8882-6650690221a0,2e22c1fc-eec6-4856-85a0-7dba8668f646,danlab,6632.010251,5.41753008,49.65296171,3619.622362,6452.210132,7152.385889
bfda40f8-a7a7-47cd-a439-39fb5cd7873f,2e22c1fc-eec6-4856-85a0-7dba8668f646,danlab,4583.998981,9.246146781,-162.8498626,4653.78951,10757.81175,5849.439882
ce24bbe9-ae70-4659-9e9c-564d1a865de8,56b57c38-2699-4091-90a8-aba35103155e,mrsicflogellab,6258.120431,11.86881507,18.7449073,5131.15292,11063.62202,7224.32853
ce397420-3cd2-4a55-8fd1-5e28321981f4,56b57c38-2699-4091-90a8-aba35103155e,mrsicflogellab,4332.93511,15.59888186,152.7022516,4577.826682,7756.63176,4623.343641
41dc1107-fbcb-4174-a262-19928c355018,948fd27b-507b-41b3-bdf8-f9f5f0af8e0b,danlab,5641.16462,4.823299967,47.89820107,4106.987874,6351.92878,6096.187836
b939cc85-6028-404a-995d-28c8405a07db,948fd27b-507b-41b3-bdf8-f9f5f0af8e0b,danlab,3959.239218,11.58193841,164.2189055,4839.931679,9766.181263,4403.623516
2400a2fa-0335-480b-ac8d-a478171f3a55,e012d3e3-fdbc-4661-9ffa-5fa284e4e706,danlab,4264.616497,15.93257221,178.6342864,4545.329913,9452.9015,4750.793004
cde137a5-7a93-4968-ab61-5aedbd9ce3fb,e012d3e3-fdbc-4661-9ffa-5fa284e4e706,danlab,5921.212631,19.209961,13.44187179,4505.108705,10702.89042,6791.514667
25a9182c-4795-4768-af47-98975d2d2a8a,26aa51ff-968c-42e4-85c8-8ff47d19254d,danlab,5294.727728,19.56054915,15.55251037,4342.216933,10600.29611,6164.15948
ba291bec-4492-4d7f-a6aa-483ebb64b3c3,26aa51ff-968c-42e4-85c8-8ff47d19254d,danlab,3843.597725,14.21965758,178.0614846,5568.600931,8531.937486,3925.834236
a3ebc7f4-813a-4f06-a33e-9825c878f9c2,9fe512b8-92a8-4642-83b6-01158ab66c3c,danlab,6737.481674,18.82967365,8.703535738,4550.478935,9604.058699,6801.906685
a4d9d9d5-6ea3-4234-aa28-e064e83626fa,9fe512b8-92a8-4642-83b6-01158ab66c3c,danlab,4177.67257,6.439519717,179.8593984,3943.542767,8576.149788,4601.314786
6aa08c75-8ee5-457d-9794-b89ee1c4453f,9eec761e-9762-4897-b308-a3a08c311e69,danlab,4115.317425,11.28760616,177.768244,4504.896633,8231.367789,4410.714928
c250d4f4-7516-4cf1-a8bd-04873ca9e21c,9eec761e-9762-4897-b308-a3a08c311e69,danlab,4510.918658,17.19359401,24.56747218,4412.279486,9629.394219,5634.332099
1ff5ce1f-5500-444b-ad5f-70f90dd22ac3,f7335a49-4a98-46d2-a8ce-d041d2eac1d6,danlab,4623.629612,9.208712708,177.9775973,2964.464539,7326.112158,5589.040002
6d24683c-da42-4610-baf0-7ceee7014394,f7335a49-4a98-46d2-a8ce-d041d2eac1d6,danlab,4374.830014,14.92585685,-0.050847326,6923.180377,7049,4752.222987
63517fd4-ece1-49eb-9259-371dc30b1dd6,4a45c8ba-db6f-4f11-9403-56e06a33dfa4,danlab,4471.570304,9.751444337,-174.2879816,3911.14043,7230.36778,4981.964116
ca5404f7-297c-40f1-bbf0-5ac0a63e24f8,4a45c8ba-db6f-4f11-9403-56e06a33dfa4,danlab,4370.221845,10.50953092,-7.17E-13,6552.875541,9025,4671.909537
6638cfb3-3831-4fc2-9327-194b76cf22e1,4ecb5d24-f5cc-402c-be28-9d0f7cb14b3a,hoferlab,2936.59934,16.1273664,167.4660342,5521.269167,2152.02393,5071.034142
da8dfec1-d265-44e8-84ce-6ae9c109b8bd,4ecb5d24-f5cc-402c-be28-9d0f7cb14b3a,hoferlab,6134.289259,16.12012655,8.76549979,4641.69431,5084.551705,6768.099319
1e104bf4-7a24-4624-a5b2-c2c8289c0de7,c6db3304-c906-400c-aa0f-45dd3945b2ea,hoferlab,5871.374808,6.680575151,77.5957776,2553.277886,8192.096031,6556.509036
3fd2d2b3-9415-4b6e-b392-40427fb1c388,88d24c31-52e4-49cc-9f32-6adbeb9eba87,hoferlab,5075.642639,10.26489653,77.71129476,3676.581505,4450.334543,6494.403934
675952a4-e8b3-4e82-a179-cc970d5a8b01,c7bd79c9-c47e-4ea5-aea3-74dda991b48e,zadorlab,6324.072155,1.069997597,-5.109869212,2957.374278,6039.481761,7172.969411
79f44ba1-c931-4346-82eb-f628a9374045,c7bd79c9-c47e-4ea5-aea3-74dda991b48e,zadorlab,3749.394353,15.98182222,170.3586712,4592.748479,6097.894491,4279.476876
55423355-281c-41f2-8ef7-5aa098ffbbed,6fb1e12c-883b-46d1-a745-473cde3232c8,hoferlab,3919.813283,7.700272398,36.0216483,1700.205337,7308.876681,5009.466612
3530526e-e690-4222-878f-0f9f401fa759,695a6073-eae0-49e0-bb0f-e9e57a9275b9,hoferlab,6119.39829,6.255080609,87.72702256,2373.556768,8041.214585,7007.967558
5d570bf6-a4c6-4bf1-a14b-2c878c84ef0e,fece187f-b47f-4870-a1d6-619afe942a7d,zadorlab,5692.430846,4.828555554,44.91258522,4560.668047,10513.29811,6947.228588
f7c93877-ec05-4091-a003-e69fae0f2fa8,fece187f-b47f-4870-a1d6-619afe942a7d,zadorlab,3886.411595,13.19592817,174.5397276,3483.170841,6759.421673,4708.791396
bef552f5-efd8-4e98-8467-d54ac7c4ef41,6f09ba7e-e3ce-44b0-932b-c003fb44fb89,hoferlab,4971.493456,8.658417187,68.98442692,3381.598422,4348.642377,6489.835359
c17772a9-21b5-49df-ab31-3017addea12e,6f09ba7e-e3ce-44b0-932b-c003fb44fb89,hoferlab,3691.713658,11.00736767,145.3396246,4054.788756,7775.871831,4098.79587
81b1800e-f138-4337-abc9-bb0449b77852,993c7024-0abc-4028-ad30-d397ad55b084,zadorlab,4445.146867,11.7697223,173.9345092,5926.639475,8370.808239,4526.689063
8bf0f1a4-0d8c-4df3-a99e-f7c81c809652,993c7024-0abc-4028-ad30-d397ad55b084,zadorlab,6476.974599,12.20216882,26.389076,5398.668027,9408.465078,6580.646104
2a7caaa4-1710-49a1-ade4-db0a986ae6f5,f3ce3197-d534-4618-bf81-b687555d1883,hoferlab,4017.870419,18.54277567,149.4275802,5233.241616,4154.574215,5234.288699
11f70c37-a546-439a-9fb7-da6b6ebfb0cb,251ece37-7798-477c-8a06-2845d4aa270c,danlab,4732.169725,11.03939703,71.06887226,8306.021573,12357.12093,6394.604472
bdb2ec51-d948-4428-b2cc-2c6cd5bf5fe3,251ece37-7798-477c-8a06-2845d4aa270c,danlab,4663.009953,14.29924313,152.1173325,5792.995119,11238.60645,5618.545214
180d278e-1a49-42da-a624-24aa14b57a4e,5522ac4b-0e41-4c53-836a-aaa17e82b9eb,zadorlab,3743.211143,11.06026303,174.8943111,5515.253429,7938.906252,3848.684552
d14f70e6-bf7b-4d6d-a380-bfd0a46ed7a1,5522ac4b-0e41-4c53-836a-aaa17e82b9eb,zadorlab,5185.676197,6.161819992,33.10583613,4383.74482,8579.015607,5330.717044
19c9caea-2df8-4097-92f8-0a2bad055948,aa20388b-9ea3-4506-92f1-3c2be84b85db,danlab,5860.33738,2.264296997,140.9004875,2754.684668,5846.02323,7055.761679
c2184312-2421-492b-bbee-e8c8e982e49e,aa20388b-9ea3-4506-92f1-3c2be84b85db,danlab,4301.204376,9.237233586,179.8748158,5540.439047,9851.508526,5395.427038
1fa9efcf-def3-40b1-86ae-ca411da98ef2,fcd49e34-f07b-441c-b2ac-cb8c462ec5ac,zadorlab,4336.933634,4.93186904,35.73276104,1572.338348,8617.746984,5595.876708
ece878b9-830d-4618-b801-ad0e7d8e7085,fcd49e34-f07b-441c-b2ac-cb8c462ec5ac,zadorlab,3883.356043,9.717751864,-173.8899733,2951.76657,8880.230884,4877.634617
cab81176-36cd-4c37-9353-841e85027d36,c3d9b6fb-7fa9-4413-a364-92a54df0fc5d,danlab,4901.539705,11.53277888,171.74561,3569.805581,10090.69099,6102.580001
d06f4b61-42c1-4a8d-a2a5-c1cf8f7d0e47,c3d9b6fb-7fa9-4413-a364-92a54df0fc5d,danlab,5379.480903,8.550348619,99.13247499,3826.944465,10639.67446,6069.691169
54c8f5de-83d7-49b9-9b4c-67fe0f07289b,1ec23a70-b94b-4e9c-a0df-8c2151da3761,zadorlab,3945.523493,12.09477081,-173.7578367,2996.801526,8635.111844,4957.942198
91fb4ed3-ee27-4d7e-ba5d-f61202ed9884,1ec23a70-b94b-4e9c-a0df-8c2151da3761,zadorlab,4636.991954,6.114914477,16.91961996,1502.435115,8943.752967,5860.608625
ce99545f-c6a5-4d53-8b68-0ceb78bd942e,d23a44ef-1402-4ed7-97f5-47e9a7a504d9,danlab,4986.002883,17.53009843,66.07172733,7415.873706,12097.74244,6354.447192
dab512bd-a02d-4c1f-8dbc-9155a163efc0,d23a44ef-1402-4ed7-97f5-47e9a7a504d9,danlab,4382.768469,9.221696087,180,4405.277888,7675,4701.124046
03c42ea1-1e04-4a3e-9b04-46d8568dcd02,5339812f-8b91-40ba-9d8f-a559563cc46b,danlab,4762.651864,13.87917113,68.04713571,7922.90534,11809.60529,6348.60028
95fd67e6-cbff-4356-80c7-5a03b1bf6b8a,5339812f-8b91-40ba-9d8f-a559563cc46b,danlab,4330.450215,9.635401588,-179.9209519,3899.821131,7599,4794.359717
3bd1f88b-4e0c-43a6-9483-3305e82f2fae,e349a2e7-50a3-47ca-bc45-20d1899854ec,zadorlab,4275.388207,18.45817563,162.126262,4163.30737,10315.45993,5155.440973
2201eb05-aebe-4bda-905e-b5cc1baf3840,768a371d-7e88-47f8-bf21-4a6a6570dd6e,mrsicflogellab,3917.358359,4.937093386,143.2249318,7945.042794,11701.83461,5152.824131
39180bcb-13e5-46f9-89e1-8ea2cba22105,768a371d-7e88-47f8-bf21-4a6a6570dd6e,mrsicflogellab,5312.039743,11.02518635,-16.2266409,2524.591564,6816.125768,5688.996551
8ca1a850-26ef-42be-8b28-c2e2d12f06d6,15763234-d21e-491f-a01b-1238eb96d389,zadorlab,3564.791273,17.0081364,169.0456706,4326.28469,7071.538682,3983.878808
57c5856a-c7bd-4d0f-87c6-37005b1484aa,a7763417-e0d6-4f2a-aa55-e382fd9b5fb8,wittenlab,5687.757097,11.28292639,20.27505282,6331.119195,11585.62661,6777.829845
aec2b14f-5dbc-400b-bf2e-dd13e711e2ff,4ef13091-1bc8-4f32-9619-107bdf48540c,wittenlab,4515.949384,11.57609102,179.030199,3481.081852,6640.338006,5349.090784
46630957-63fd-4d0d-a2ba-8766f0796db8,cae5cd75-55e5-4277-8db3-cf4d6c5ff918,wittenlab,5479.083332,5.762781175,22.11346472,2190.314469,6907.101373,6301.392835
00a96dee-1e8b-44cc-9cc3-aca704d2b594,b69b86be-af7d-4ecf-8cbf-0cd356afa1bd,zadorlab,7065.561836,13.36215199,30.3163944,5290.407093,9649.240741,7149.288261
8d89b7d0-33e7-45c6-9972-d3ad4c1e5f4c,b69b86be-af7d-4ecf-8cbf-0cd356afa1bd,zadorlab,3127.275827,18.55756662,155.6178094,4181.511505,4985.872149,4339.671156
73ff4936-8cd3-4a75-a772-f563e67d249d,ebe2efe3-e8a1-451a-8947-76ef42427cc9,angelakilab,4649.392358,12.03118911,147.0368693,4763.12741,5427.307519,5522.265101
ac088ddb-9e1e-49ae-b341-46a8445cf809,ebe2efe3-e8a1-451a-8947-76ef42427cc9,angelakilab,6027.847711,20.18498139,45.13642633,4432.779129,6474.224727,6657.638411
257d0357-76ed-4220-8d50-68da6efda72d,edd22318-216c-44ff-bc24-49ce8be78374,zadorlab,3485.872772,30.8483689,134.1385321,5919.767668,8082.773251,3317.71703
30ac1320-d671-46fc-87ef-875cdfc6b4eb,edd22318-216c-44ff-bc24-49ce8be78374,zadorlab,5251.67131,19.87454675,67.42910929,4314.729066,8448.618007,5213.877804
79b2e46e-e2ee-446e-b875-9aff03ef52d2,626126d5-eecf-4e9b-900e-ec29a17ece07,zadorlab,3474.3676,22.78659258,164.9731835,4924.607966,4798.880922,4503.206433
f211d54e-e7eb-4188-bdcd-faa9c4317e9e,626126d5-eecf-4e9b-900e-ec29a17ece07,zadorlab,5426.011646,7.315000764,74.92257595,2839.925086,5502.168216,6731.850105
0fa33419-e7b9-4d00-8cab-3b51f93ecf0c,49e0ab27-827a-4c91-bcaa-97eea27a1b8d,zadorlab,3181.521001,28.42965052,128.2463948,5880.313545,7618.848275,3172.836949
ed469fda-4519-456f-a671-cf901222b4f8,49e0ab27-827a-4c91-bcaa-97eea27a1b8d,zadorlab,4626.83921,20.91747363,71.50949507,4201.108016,8341.610835,4621.910313
03d2d8d1-a116-4763-8425-4ef7b1c1bd35,81a78eac-9d36-4f90-a73a-7eb3ad7f770b,zadorlab,3811.15249,7.868355882,75.91275428,2898.009644,4306.046536,5675.271336
5011eba9-8926-4a73-b729-579d02676d25,81a78eac-9d36-4f90-a73a-7eb3ad7f770b,zadorlab,3796.050343,17.02944819,159.8500139,4418.679307,3982.965185,5379.610086
96fe2729-b5a2-4e77-92bb-9df410144768,5adab0b7-dfd0-467d-b09d-43cb7ca5d59c,zadorlab,4881.665296,22.58927242,75.5062196,4080.695182,6990.480062,5282.154445
b4131145-9675-4433-88e1-9ae016c701dd,5adab0b7-dfd0-467d-b09d-43cb7ca5d59c,zadorlab,3653.075549,27.97409572,136.9309404,5476.806486,6720.152483,3901.249317
920865d3-1581-4e81-bd63-ab2186024564,e56541a5-a6d5-4750-b1fe-f6b5257bfe7c,zadorlab,3684.472892,19.55855462,168.6517824,4084.336431,4742.707802,5071.878282
4c04120d-523a-4795-ba8f-49dbb8d9f63a,7f6b86f9-879a-4ea2-8531-294a221af5d0,zadorlab,3276.424058,24.40547826,59.61623299,7146.325839,8563.616729,3408.656428
9657af01-50bd-4120-8303-416ad9e24a51,7f6b86f9-879a-4ea2-8531-294a221af5d0,zadorlab,3545.382291,27.31566559,131.5298675,4528.684299,8417.950879,3625.043084
0dfc64c5-80bc-43b6-a7c4-2fb6e638e9f3,5d01d14e-aced-4465-8f8e-9a1c674f62ec,zadorlab,5212.878269,6.255997802,67.07820329,2953.758227,5298.197279,6481.835248
c84144db-4498-4627-b72a-975a6b618715,5d01d14e-aced-4465-8f8e-9a1c674f62ec,zadorlab,4450.452101,18.13831921,168.3636721,4357.004437,8704.449774,4829.299077
8895f61f-1c17-4d2f-8b9b-77476c5261b6,8c33abef-3d3e-4d42-9f27-445e9def08f9,angelakilab,5949.886045,11.94095582,74.76667535,3301.540383,7262.798278,6446.13847
4994543f-20e8-4421-adca-8739984e07ad,c557324b-b95d-414c-888f-6ee1329a2329,zadorlab,6305.920904,14.50130764,71.48609641,3548.607569,8122.296442,6530.026408
d8dae4d0-e11d-4b4d-8bd9-103c13491eb7,c557324b-b95d-414c-888f-6ee1329a2329,zadorlab,4231.006528,15.8744787,144.250675,5439.251147,7501.147272,4394.649664
64d04585-67e7-4320-baad-8d4589fd18f7,280ee768-f7b8-4c6c-9ea0-48ca75d6b6f3,zadorlab,4963.555777,12.49645368,64.83865147,2518.364387,8347.101711,5470.966171
f9d783f9-7d2e-4b53-83f7-9409f788cbca,280ee768-f7b8-4c6c-9ea0-48ca75d6b6f3,zadorlab,3917.831056,21.38983252,147.1049323,2999.781384,7651.026886,5072.97301
fe380793-8035-414e-b000-09bfe5ece92a,ff48aa1d-ef30-4903-ac34-8c41b738c1b9,zadorlab,3893.715553,14.30853849,46.90241489,1217.511048,7602.667375,5122.928259
7bd5627e-b02e-47f1-b476-4bf8eaa726b3,03063955-2523-47bd-ae57-f7489dd40f15,mrsicflogellab,4138.700836,17.08836075,139.2440837,4221.224113,4343.943244,5780.988482
2b3c3126-11f3-4a8e-aa44-2f965bf8ab9c,1e45d992-c356-40e1-9be1-a506d944896f,mrsicflogellab,3889.053377,21.26425813,143.0459062,4837.371289,4422.195794,5199.277473
76de0e1a-30aa-4713-9fe5-25ad2dff653f,1e45d992-c356-40e1-9be1-a506d944896f,mrsicflogellab,5630.491645,9.00810813,68.34079699,4074.618312,8294.345803,5786.046248
749cb2b7-e57e-4453-a794-f6230e4d0226,4d8c7767-981c-4347-8e5e-5d5fffe38534,mrsicflogellab,3928.60032,18.00606388,146.8898938,5197.346859,3684.856756,5361.19243
ea084e63-c0cb-4e11-8440-302de8fc76ee,4d8c7767-981c-4347-8e5e-5d5fffe38534,mrsicflogellab,3779.895437,17.9822024,43.3990575,6102.121252,3701.772655,5195.256841
1bd85dab-7a53-49d1-acd4-e82f9fd07cf6,6274dda8-3a59-4aa1-95f8-a8a549c46a26,zadorlab,4663.271516,9.859169175,57.19864727,2867.441979,9596.163862,5144.402448
f9b2e36b-eef8-402f-b121-786dfed58bcb,6274dda8-3a59-4aa1-95f8-a8a549c46a26,zadorlab,3571.259595,18.71550486,148.6911245,5204.038621,9645.472556,3732.423822
7d1a2cb6-f482-4059-b596-53087caac8ec,fe1fd79f-b051-411f-a0a9-2530a02cc78d,mainenlab,4171.846878,16.81731701,168.8819925,5559.350513,8132.746913,4218.425736
bf99284f-dc34-4652-baf1-ffaa1cc7fb05,fe1fd79f-b051-411f-a0a9-2530a02cc78d,mainenlab,6220.318513,15.22714308,36.81274011,3917.027794,5978.941902,6826.936676
af1e9dee-8c26-4b2b-ac43-358221048797,934dd7a4-fbdc-459c-8830-04fe9033bc28,mainenlab,6050.881494,19.02909525,25.62221355,4546.123863,6028.142784,6470.219745
99086aba-f671-42b5-bdc0-e665c61f5452,549caacc-3bd7-40f1-913d-e94141816547,zadorlab,3875.050086,19.62797346,136.2950489,5240.989654,8674.384829,3874.884733
9e979599-11e1-4372-96fc-e80520f3e668,549caacc-3bd7-40f1-913d-e94141816547,zadorlab,5972.808968,18.23263952,51.1547883,6827.886025,12280.46243,7147.937945
38981973-20de-44e5-8717-efcf88642502,20c112a1-8a42-44e0-a4cd-e5b932f7bda9,zadorlab,6089.534311,19.52838317,46.21553312,6866.491316,12269.57658,7364.240026
d06bdedb-e173-4fe5-a4f1-ab9ab53f9761,20c112a1-8a42-44e0-a4cd-e5b932f7bda9,zadorlab,3294.332775,12.08301086,145.2035043,8291.287045,11768.52839,4471.347982
b549e337-acc5-4837-9c56-e53b173fe5fe,65f5c9b4-4440-48b9-b914-c593a5184a18,wittenlab,4386.447092,16.9651069,68.49062854,4155.713652,3865.781597,5870.560463
134e8241-f5d7-4ad7-a8c0-11b34f2eedc3,dcceebe5-4589-44df-a1c1-9fa33e779727,wittenlab,4137.22433,20.24716625,-170.140996,4835.627658,5829.846002,4581.578839
8aba5f8c-4438-4588-9bb0-b20d2fd3eca5,f8041c1e-5ef4-4ae6-afec-ed82d7a74dc1,wittenlab,3108.499201,25.5290623,122.9062892,5477.796003,3524.73061,4630.006473
800e8e76-dc93-4e52-ae8d-e35ad26daefe,d832d9f7-c96a-4f63-8921-516ba4a7b61f,wittenlab,4173.525378,19.62724828,-166.6519308,4639.014096,5826.352183,4656.034433
20469b30-1cd8-4078-9883-a840a0f6d787,4ddb8a95-788b-48d0-8a0a-66c7c796da96,wittenlab,4281.022849,26.15896429,130.6838914,5955.332378,3906.207064,5617.5363
d3b3c9a7-cf6a-4d25-b8da-e0f599a26191,4ddb8a95-788b-48d0-8a0a-66c7c796da96,wittenlab,5787.073619,23.14861932,24.38978734,4378.027237,8314.443253,5496.146147
954b1983-e603-4611-ba15-dc2db6f988ab,b39752db-abdb-47ab-ae78-e8608bbf50ed,danlab,3647.157758,22.37453475,146.6838271,4960.157026,7112.549592,3897.582616
d1af1003-247b-4f76-988f-d55cbb72aa80,b39752db-abdb-47ab-ae78-e8608bbf50ed,danlab,6190.115334,9.305466659,59.26052269,4216.459594,4935.814047,7183.655231
1ef94d02-d51a-491f-a313-1bb5238d6b8b,ee8b36de-779f-4dea-901f-e0141c95722b,danlab,5949.886712,11.98900535,36.98158947,3587.700114,4493.48656,7045.104686
b375a0ee-4c5a-4a53-9cea-d753f206e5c5,ee8b36de-779f-4dea-901f-e0141c95722b,danlab,3072.941901,18.64998619,148.1722963,5309.925413,5893.234758,3611.581051
b73ef9cf-462c-4de3-ae61-5907790ebd0e,f9860a11-24d3-452e-ab95-39e199f20a93,hoferlab,6226.310768,8.76987166,46.37015636,2819.984985,8987.116519,6578.517043
df7d2ca7-068b-4df2-9782-8f6bb7d67f18,f9860a11-24d3-452e-ab95-39e199f20a93,hoferlab,3577.583119,17.10712142,160.5879826,3098.011883,7992.785075,4494.298179
091392a5-73f6-40f3-8552-fa917cf96deb,bd456d8f-d36e-434a-8051-ff3997253802,danlab,4894.993657,18.7882035,41.6469868,5046.92932,6922.669004,5159.166811
d258bca2-bf18-4491-8d57-5322f705caec,bd456d8f-d36e-434a-8051-ff3997253802,danlab,3917.786217,22.54328502,149.4599879,4782.789895,4363.098903,5293.428817
b910cbe2-0c68-40b2-b9f1-268e7c28320a,b658bc7d-07cd-4203-8a25-7b16b549851b,danlab,5632.106057,13.23933675,45.09357578,4889.421631,5488.557561,6757.415367
ecde7e20-f135-47dd-8f96-adac49e4942e,b658bc7d-07cd-4203-8a25-7b16b549851b,danlab,3562.546564,22.30157371,149.2124338,4236.395921,5466.989364,4646.065572
4f46198d-c54d-4627-9e4e-3c8fd4c3c070,7622da34-51b6-4661-98ae-a57d40806008,danlab,5668.471583,13.17740837,29.15088497,4423.313843,4611.018434,6994.214295
af775340-53d0-43cd-9cda-48e32b95adca,7622da34-51b6-4661-98ae-a57d40806008,danlab,3576.421418,22.01770663,153.6999492,4252.812187,6062.27026,4365.586002
4755877d-fd14-42b3-bc15-e1996d153015,4720c98a-a305-4fba-affb-bbfa00a724a4,danlab,5385.550025,15.02116854,32.99631224,4954.330693,4610.134416,6426.526518
695476f6-4c14-4a2f-b658-948514629079,4720c98a-a305-4fba-affb-bbfa00a724a4,danlab,3871.847546,22.06690348,148.906915,3870.625783,6651.204487,4713.21845
4f10fbb7-57be-427b-bb1d-a19bd31dc27b,66d98e6e-bcd9-4e78-8fbb-636f7e808b29,hoferlab,3815.967244,14.45054865,158.2491726,3109.456519,7602.877176,4720.242938
57acb640-4f64-4a89-bedf-69351a3aea75,f25642c6-27a5-4a97-9ea0-06652db79fbd,danlab,4925.321875,18.96116634,30.67961818,4723.626626,3516.568615,6458.069085
bebe7c8f-0f34-4c3a-8fbb-d2a5119d2961,f25642c6-27a5-4a97-9ea0-06652db79fbd,danlab,3081.762169,20.88150346,156.249766,4136.688648,6720.140132,3654.350765
5458cb27-d065-4626-bcd8-1aa775e1115e,28741f91-c837-4147-939e-918d38d849f2,churchlandlab,3711.127966,18.02001517,32.97805989,5211.937894,3949.895665,4954.091606
bf591043-03c2-48bb-9197-e17e85aaeb8f,28741f91-c837-4147-939e-918d38d849f2,churchlandlab,4091.669393,13.84435133,155.8601201,4168.455184,5800.408362,4947.80372
5fd00035-89d6-4e7c-bb26-f103388b731d,fb70ebf7-8175-42b0-9b7a-7c6e8612226e,churchlandlab,4109.768062,13.47597206,51.27996234,6125.924779,3822.232412,5471.616835
acf04c3f-650a-4de0-b0d0-edf695dd2025,fb70ebf7-8175-42b0-9b7a-7c6e8612226e,churchlandlab,3530.863743,24.53711434,155.9995906,5614.533172,3696.410062,4762.000107
d585f4b5-d154-4666-92c4-eb219f1e0f02,f312aaec-3b6f-44b3-86b4-3a0c119c0438,churchlandlab,3874.275088,14.63388282,29.0490158,6819.325877,7900.265302,4123.593355
eeb27b45-5b85-4e5c-b6ff-f639ca5687de,f312aaec-3b6f-44b3-86b4-3a0c119c0438,churchlandlab,3402.613094,14.94005525,151.4368983,3995.456218,7619.422928,3837.591442
9bd71ac6-c455-41f3-8c56-59987a649ac4,8207abc6-6b23-4762-92b4-82e05bed5143,zadorlab,3917.977287,13.20643531,154.8308367,5210.117457,3030.679921,5539.359518
9ac90b86-fc72-4ca0-9389-c8b3a77da437,b81e3e11-9a60-4114-b894-09f85074d9c3,zadorlab,6069.178047,14.64811753,33.41370937,4971.4066,8040.425307,6096.912397
3220377b-f53e-412d-a859-ef8ccb8f0a40,90e74228-fd1a-482f-bd56-05dbad132861,zadorlab,6394.208203,15.57610722,27.97456809,4587.498571,7781.909979,6484.378507
179ce6d0-e348-4257-b718-e58dd4134589,6a601cc5-7b79-4c75-b0e8-552246532f82,zadorlab,6218.810444,13.21456809,34.28658333,5375.422715,9775.839331,6379.141385
532bb33e-f22f-454a-ba1f-561d1578b250,6a601cc5-7b79-4c75-b0e8-552246532f82,zadorlab,4353.786702,18.47811118,141.7414703,5083.531139,8304.448659,4454.326386
4364cabe-a27c-4bd5-b398-1d068aca47cf,a82800ce-f4e3-4464-9b80-4c3d6fade333,zadorlab,3385.217824,17.96707969,140.8664953,4534.993311,8084.050564,3595.133989
b8df4cc3-e973-4267-8cf8-a55cea77e1ac,a82800ce-f4e3-4464-9b80-4c3d6fade333,zadorlab,6414.100305,9.269775498,73.50581056,3256.654705,8115.686045,6805.337465
362823e7-5514-41d3-a31d-4b73f91ad3d0,a66f1593-dafd-4982-9b66-f9554b6c86b5,zadorlab,6733.561537,13.97196343,23.07468435,5029.273706,9412.200367,6784.342317
57656bee-e32e-4848-b924-0f6f18cfdfb1,a66f1593-dafd-4982-9b66-f9554b6c86b5,zadorlab,3813.259034,19.13507326,144.274754,4639.760284,8379.857455,3977.570488
2781c08e-a356-4a0d-8c28-4f94d1c87f69,41431f53-69fd-4e3b-80ce-ea62e03bf9c7,zadorlab,4548.173807,13.1385511,157.0184482,4851.775434,11478.64308,5679.11738
a9c9df46-85f3-46ad-848d-c6b8da4ae67c,41431f53-69fd-4e3b-80ce-ea62e03bf9c7,zadorlab,4156.669946,10.55046624,65.60084622,2510.59954,9743.119179,4861.397337
b3065f45-7227-4099-9f8c-7e81e677d8cf,1eac875c-feaa-4a30-b148-059b954b11d8,zadorlab,3978.717836,7.865157368,5.040848894,3282.649394,11522.83918,5141.289491
e6508b9a-9dec-47d7-88c7-b0a72c7d1134,8db36de1-8f17-4446-b527-b5d91909b45a,zadorlab,4428.876912,13.56042507,157.9926284,4837.776524,11464.13106,5555.413927
dd619e10-5df1-4c79-bd62-cc00937b5d36,da188f2c-553c-4e04-879b-c9ea2d1b9a93,zadorlab,5586.308054,12.32869079,37.29848069,2576.150933,8997.789525,5882.480959
eda7a3ac-f038-4603-9c68-816234e9c4eb,da188f2c-553c-4e04-879b-c9ea2d1b9a93,zadorlab,3679.910511,15.50321152,153.9986348,4859.054399,9256.208216,3871.018706
a3d13b05-bf4d-427a-a2d5-2fe050d603ec,03cf52f6-fba6-4743-a42e-dd1ac3072343,zadorlab,3786.68149,16.48910749,152.7626107,4424.377215,8733.105895,4055.949335
b45c8f3f-6361-41df-9bc1-9df98b3d30e6,03cf52f6-fba6-4743-a42e-dd1ac3072343,zadorlab,5319.118745,11.66278953,46.73252051,3377.499641,9063.32306,5484.301832
68c98fb2-402b-4670-9b3b-0c77619998ea,5b44c40f-80f4-44fb-abfb-c7f19e27a6ca,zadorlab,5152.108885,11.89143731,38.50882754,2883.446322,9421.162352,5416.543551
d6c810b2-5922-4127-af2b-4b104bc55c2b,5b44c40f-80f4-44fb-abfb-c7f19e27a6ca,zadorlab,4438.953842,15.6636001,145.8327556,4098.323171,9675.743012,4924.106473
44f5caad-c703-4279-866b-0303e57d2a7f,7be8fec4-406b-4e74-8548-d2885dcc3d5e,churchlandlab,4576.599155,17.07026771,147.043885,3927.259149,10030.82372,5249.979236
f74a6b9a-b8a5-4c80-9c30-7dd4cdbb48c0,7be8fec4-406b-4e74-8548-d2885dcc3d5e,churchlandlab,5602.080294,19.18848044,33.51187544,5339.798677,4891.585245,6465.842557
516b2043-0176-49a3-a986-132b3d02f28a,6364ff7f-6471-415a-ab9e-632a12052690,churchlandlab,5850.7513,17.82899612,29.78311203,5145.251988,5089.804115,6619.766425
5c278ffe-6452-4c36-b17f-2050c74e13b1,e535fb62-e245-4a48-b119-88ce62a6fe67,danlab,5905.203046,5.084112077,100.7023608,3397.181983,6589.204979,6631.970071
c4f6665f-8be5-476b-a6e8-d81eeae9279d,e535fb62-e245-4a48-b119-88ce62a6fe67,danlab,3864.111642,18.53145599,175.8814522,4555.392967,7932.329444,4138.754782
7bc16ab1-1b0d-4f52-9e4b-210106ea344c,f10efe41-0dc0-44d0-8f26-5ff68dca23e9,churchlandlab,6059.501397,13.33827086,34.95939511,6029.318686,12401.00528,7096.046306
8d0a5caf-2be2-48c1-bf1a-f538bacd46b4,f10efe41-0dc0-44d0-8f26-5ff68dca23e9,churchlandlab,3309.388992,19.87282093,166.7666735,7520.09949,11807.52537,4037.313173
62a97aee-9f8b-40be-9ea7-f785ede30df8,1191f865-b10a-45c8-9c48-24a980fd9402,churchlandlab,4291.1772,25.45704945,131.3700689,5594.06379,3759.213485,5774.537168
e52942b9-62b8-4cbf-9597-d73aea5cdb3e,1191f865-b10a-45c8-9c48-24a980fd9402,churchlandlab,5552.965448,15.06349757,30.82633041,5610.726021,12539.52766,6537.156665
35897454-8702-4dc4-9865-7f01fa65f355,2e6e179c-fccc-4e8f-9448-ce5b6858a183,churchlandlab,6331.682527,14.67597848,33.38018549,5960.476079,12082.58878,7350.105413
9f99bd34-40d4-4aac-ae2b-7bc7f7086ccb,2e6e179c-fccc-4e8f-9448-ce5b6858a183,churchlandlab,3316.494204,24.57731374,135.1813002,4978.46371,3347.290943,5041.022694
63679ae2-6c87-495b-b888-a7273e545636,6668c4a0-70a4-4012-a7da-709660971d7a,danlab,4383.859654,13.59265711,-179.9443884,4405.283456,11099,5636.072689
50f1512d-dd41-4a0c-b3ab-b0564f0424d7,37e96d0b-5b4b-4c6e-9b29-7edbdc94bbd0,churchlandlab,4550.752484,15.88952996,171.1133983,4455.964788,8417.469039,4901.874402
f4ff3ff8-19b7-40c7-bf6f-8b577b811ed1,37e96d0b-5b4b-4c6e-9b29-7edbdc94bbd0,churchlandlab,6645.948404,7.914091504,3.449952916,3261.589993,5655.065756,7232.649931
5a9f8899-556a-43ea-892d-5e35b969ff38,d16a9a8d-5f42-4b49-ba58-1746f807fcc1,churchlandlab,7088.206621,9.134035652,0.546592008,2549.836699,7485.734192,7373.325901
9f78a787-c6d5-4e51-b4fb-1552e81eccd5,9a629642-3a9c-42ed-b70a-532db0e86199,danlab,4380.081969,20.38906888,169.2384884,4699.153122,6459.935185,4855.663151
9373cd09-a591-42be-9343-ed6f06b7056d,e5c772cd-9c92-47ab-9525-d618b66a9b5d,danlab,4103.998482,14.30701648,170.5677648,3450.459104,10891.20328,6276.714925
69f42a9c-095d-4a25-bca8-61a9869871d3,dda5fc59-f09a-4256-9fb5-66c67667a466,churchlandlab,4252.492263,14.85820571,166.5255418,4382.35805,7998.064118,4585.303326
8169d556-f994-4735-b4c8-f7c85ddc39b0,dda5fc59-f09a-4256-9fb5-66c67667a466,churchlandlab,4116.231989,16.07153484,8.485265368,6647.946913,8068.142908,4330.356506
0925fb1b-cf83-4f55-bfb7-aa52f993a404,2f63c555-eb74-4d8d-ada5-5c3ecf3b46be,danlab,4820.479439,20.98832038,176.4489884,4473.272956,10406.93998,6100.657305
c6ba6f8e-c13e-410f-b7df-e193ba0d239d,a19c7a3a-7261-42ce-95d5-1f4ca46007ed,danlab,3830.142537,11.00246079,169.27668,4018.222006,9886.012241,4584.74064
c42574be-0456-437f-8329-afc5a63b7e78,57b5ae8f-d446-4161-b439-b191c5e3e77b,churchlandlab,6335.581699,8.75587839,8.855230799,3747.063018,5723.463187,6886.746182
e88eb9f8-fff3-469a-854d-d16adef19df0,57b5ae8f-d446-4161-b439-b191c5e3e77b,churchlandlab,3610.387462,11.75032074,-174.3388943,5131.659446,5727.472268,4084.729383
b9b101cf-24d3-4c2a-8464-bc91b9f0c767,413a6825-2144-4a50-b3fc-cf38ddd6fd1a,danlab,4799.916716,14.92830378,162.126161,3501.826781,10029.51139,5962.914435
818d2996-766a-4fd9-82b8-7e4cb080af0e,ee13c19e-2790-4418-97ca-48f02e8013bb,danlab,4372.489914,16.02887292,155.9222652,3577.292223,7017.565166,5202.499192
07abb39b-063b-4ef8-b3ab-963c6a1b5cc5,30e5937e-e86a-47e6-93ae-d2ae3877ff8e,danlab,4810.128148,11.94860848,170.420196,4959.268075,9028.245294,5055.910439
44fc463b-405f-4048-9242-ac018b9f50f7,0f25376f-2b78-4ddc-8c39-b6cdbe7bf5b9,danlab,4050.258214,16.52219437,153.0619358,4251.861374,7371.814572,4483.021616
2d2cdf86-4a0c-42d8-aed3-5b187f160013,d2f5a130-b981-4546-8858-c94ae1da75ff,churchlandlab,4984.591083,7.312126355,0.117259645,3190.589816,4676.298365,6069.054034
79628a45-c2e3-4206-97df-4c91edaff90f,d2f5a130-b981-4546-8858-c94ae1da75ff,churchlandlab,4229.182476,11.85430756,177.4335822,4342.903237,4888.901525,5288.987202
b76f24ea-95b1-4a0e-95eb-9c39b1283c40,158d5d35-a2ab-4a76-87b0-51048c5d5283,danlab,4357.641908,15.04106475,170.4955571,4015.333693,9036.73176,4908.34944
c16b8e98-100f-40ce-b417-b1524c7e1270,3c851386-e92d-4533-8d55-89a46f0e7384,danlab,4286.254995,15.06614013,178.3383243,3163.674464,8982.307524,5388.92103
1a166c4f-4c53-422e-8473-b3cff85e6750,3dd347df-f14e-40d5-9ff2-9c49f84d2157,danlab,3899.005923,11.16910144,171.0499119,5221.062317,8067.498536,4000.157814
e070023a-2a5d-4398-ad66-f9ed5d517ad1,7939711b-8b4d-4251-b698-b97c1eaa846e,churchlandlab,5374.649732,10.37852078,24.36178853,6642.968225,11774.39829,6461.715492
0ece5c6a-7d1e-4365-893d-ac1cc04f1d7b,46794e05-3f6a-4d35-afb3-9165091a5a74,churchlandlab,6078.03954,12.88897136,24.77278238,5493.981084,11893.10112,6949.898159
febb430e-2d50-4f83-87a0-b5ffbb9a4943,db4df448-e449-4a6f-a0e7-288711e7a75a,danlab,4987.962951,12.560437,170.1057937,4336.24041,8066.725579,5343.586823
00a824c0-e060-495f-9ebc-79c82fef4c67,fa704052-147e-46f6-b190-a65b837e605e,churchlandlab,3581.762524,12.64931637,158.796438,5121.713435,8679.593846,3719.828267
7791ee46-5c13-4d1b-8518-5602dcb8666b,fa704052-147e-46f6-b190-a65b837e605e,churchlandlab,5597.136599,7.289658443,46.68073747,3537.760881,9616.697449,5926.896964
53b58cc3-8d88-4257-aa63-48da088f2091,dfd8e7df-dc51-4589-b6ca-7baccfeb94b4,churchlandlab,6773.254429,10.44356386,45.12853591,3426.327961,6642.647095,7236.048235
5e84c8e7-236f-4a64-a944-dc4a17c64f1d,034e726f-b35f-41e0-8d6c-a22cc32391fb,churchlandlab,6203.17437,12.76559779,42.62445489,3891.448645,6578.205282,6624.845567
8fbfa285-d721-4a1a-8c18-f36652c17909,034e726f-b35f-41e0-8d6c-a22cc32391fb,churchlandlab,3834.374984,7.684860815,180,3397.461035,7700,4449.936806
47be9ae4-290f-46ab-b047-952bc3a1a509,56956777-dca5-468c-87cb-78150432cc57,angelakilab,6843.143799,10.90089631,61.69823513,2684.558153,7329.9178,7444.664432
6be21156-33b0-4f70-9a0f-65b3e3cd6d4a,56956777-dca5-468c-87cb-78150432cc57,angelakilab,3084.056573,11.75967799,140.2743115,3558.806859,7395.909897,3644.325497
461ecb39-ab58-4a6c-acd7-22da5b4b4b22,4b00df29-3769-43be-bb40-128b1cba6d35,churchlandlab,6117.236392,8.058740464,22.46769909,3182.528589,8627.729115,6356.827863
8d59da25-3a9c-44be-8b1a-e27cdd39ca34,4b00df29-3769-43be-bb40-128b1cba6d35,churchlandlab,3636.51953,7.911035391,180,3911.666322,7324,4076.910674
1841cf1f-725d-499e-ab8e-7f6fc8c308b6,83e77b4b-dfa0-4af9-968b-7ea0c7a0c7e4,churchlandlab,5383.29103,8.595460344,34.15495653,2284.200015,8851.712442,5947.827121
220bca21-4cf8-43f1-a213-71645899c571,83e77b4b-dfa0-4af9-968b-7ea0c7a0c7e4,churchlandlab,4059.54598,7.71937231,169.5585374,3561.253673,7823.822157,4597.757728
5810514e-2a86-4a34-b7bd-1e4b0b601295,5386aba9-9b97-4557-abcd-abc2da66b863,churchlandlab,4765.243122,14.00432199,171.7954288,4766.362602,6739.565817,5148.608062
56f2a378-78d2-4132-b3c8-8c1ba82be598,6713a4a7-faed-4df2-acab-ee4e63326f8d,angelakilab,3368.447378,10.51832707,136.4541175,3395.700969,7923.633277,3936.845895
b46e219c-6a87-4a93-9924-1070841381e9,3663d82b-f197-4e8b-b299-7b803a155b84,churchlandlab,3810.132708,15.83996183,171.2520217,4030.251813,6628.206673,4440.45379
0eb65305-bb95-4bf1-a154-1b810c0cff25,0cbeae00-e229-4b7d-bdcc-1b0569d7e0c3,churchlandlab,4028.640124,19.08466583,-170.1077029,3682.235779,7439.99693,4707.21177
f9656eee-141c-453d-a016-4aba68f674dc,0cbeae00-e229-4b7d-bdcc-1b0569d7e0c3,churchlandlab,5932.956881,5.73506182,-51.59532906,2070.2615,6914.354969,6778.260091
0e8d3cb3-2e4c-47a0-8bb4-65d2cc3161c6,cf43dbb1-6992-40ec-a5f9-e8e838d0f643,danlab,3882.314095,23.49466825,164.5769373,5767.001352,6211.611837,4135.459295
b7612153-372f-415a-9770-7101fbbbdc59,741979ce-3f10-443a-8526-2275620c8473,danlab,3785.925889,19.18126466,161.8283483,4731.85811,6262.92732,4275.745886
e55266c7-eb05-47bb-b263-1cc08dc3c00c,ecb5520d-1358-434c-95ec-93687ecd1396,churchlandlab,3899.164721,15.67241087,56.52140634,6968.968496,8103.555838,4129.20132
f2ee886d-5b9c-4d06-a9be-ee7ae8381114,ecb5520d-1358-434c-95ec-93687ecd1396,churchlandlab,4075.534468,24.62396366,129.4818628,4348.145936,8678.772265,4229.913198
04db6b9e-a80c-4507-a98e-ad76294ac444,810b1e07-009e-4ebe-930a-915e4cd8ece4,churchlandlab,4136.803388,14.46745729,51.71552229,4034.679418,11461.23824,5105.624088
898f8971-31e9-4fdb-b66e-2ae6d3a33a5b,36280321-555b-446d-9b7d-c2e17991e090,danlab,3743.79187,21.22066373,156.1555842,5586.150671,5360.739018,4414.937775
0ce74616-abf8-47c2-86d9-f821cd25efd3,eef82e27-c20e-48da-b4b7-c443031649e3,churchlandlab,2810.689986,15.40174685,142.7312616,5444.050605,11477.03328,3809.750541
26118c10-35dd-4ab1-9f0f-b9a89a1da070,7bee9f09-a238-42cf-b499-f51f765c6ded,danlab,3983.87422,20.83711508,158.9453731,4847.50478,5384.109248,4848.310715
8ab470cc-de5a-4d65-92bd-9a25fbe6d07d,f8d5c8b0-b931-4151-b86c-c471e2e80e5d,mainenlab,4898.174423,17.7615574,152.7537915,4678.432003,8559.076217,5139.699436
fe6507ed-7725-467a-9d46-1101c32df1ca,f8d5c8b0-b931-4151-b86c-c471e2e80e5d,mainenlab,6655.353432,18.17707813,9.996551695,4480.350237,6810.400039,6698.230856
41b9162e-df67-4321-b2e6-02ff851816c5,ee40aece-cffd-4edb-a4b6-155f158c666a,mainenlab,6203.549625,17.90853255,3.157601644,4645.314963,6780.074629,6227.979094
f03b61b4-6b13-479d-940f-d1608eb275cc,ee40aece-cffd-4edb-a4b6-155f158c666a,mainenlab,4343.766864,15.02221299,160.0466181,4497.082488,7773.08823,4670.320422
188fe7d5-fd1c-494f-88bc-672d77b9779e,0deb75fb-9088-42d9-b744-012fb8fc4afb,churchlandlab,3979.448684,21.70391702,144.0358852,5266.124127,7314.263039,4122.33479
43d4f889-4b05-44df-8306-ea10f854776f,12dc8b34-b18e-4cdd-90a9-da134a9be79c,churchlandlab,3986.17823,23.13549352,130.7614793,5872.58789,7586.290954,4040.602906
f4f45cff-c45c-413a-92ea-b6533e3e0019,e49d8ee7-24b9-416a-9d04-9be33b655f40,mainenlab,6469.588355,7.380151646,9.803943739,2825.290404,5673.624446,7215.992474
2aea57ac-d3d0-4a09-b6fa-0aa9d58d1e11,02fbb6da-3034-47d6-a61b-7d06c796a830,danlab,4239.138916,6.967198762,-180,4464.212218,7075,4582.836088
5a2f99aa-d3f5-469d-882e-0a16ee869746,465c44bd-2e67-4112-977b-36e1ac7e3f8c,mainenlab,6052.216694,13.37330307,35.12250378,3571.920149,4427.135688,7113.103306
a6f9e4d5-5f20-4a98-9118-22187f4d230b,465c44bd-2e67-4112-977b-36e1ac7e3f8c,mainenlab,4090.918163,15.45955035,164.093093,4923.763162,6183.64353,4542.904153
eb99c2c8-e614-4240-931b-169bed23e9f5,931a70ae-90ee-448e-bedb-9d41f3eda647,danlab,3838.012112,7.150651223,168.1907775,3417.638831,7622.773402,4433.161139
dc7e9403-19f7-409f-9240-05ee57cb7aea,ff4187b5-4176-4e39-8894-53a24b7cf36b,mainenlab,6590.679286,11.78510816,9.197190978,2571.214156,6315.149491,7001.751105
ebd18510-c263-4d5b-a736-a588862a6972,ff4187b5-4176-4e39-8894-53a24b7cf36b,mainenlab,3951.659696,15.51049482,145.1944183,5217.676382,4153.176163,5132.746127
ccb501d1-a4fa-41c6-819e-54aaf74d439d,bb6a5aae-2431-401d-8f6a-9fdd6de655a9,danlab,4179.218062,13.45756117,157.0360582,5253.799213,7188.022864,4389.467458
7beb9419-113d-4e47-938c-68ab2657031e,193fe7a8-4eb5-4f3e-815a-0c45864ddd77,mainenlab,4562.802491,17.8342656,151.4372817,6052.350539,7618.137582,4593.543415
38124fca-a0ac-4b58-8e8b-84a2357850e6,510b1a50-825d-44ce-86f6-9678f5396e02,mainenlab,4594.016477,17.66211421,167.2832161,5634.647956,6756.828444,4777.46515
6506252f-1141-4e11-8816-4db01b71dda0,032ffcdf-7692-40b3-b9ff-8def1fc18b2e,angelakilab,6187.260104,9.910472505,92.53639514,2803.958921,8127.530236,6869.933095
d213e786-4b1c-477d-a710-766d69fa1ac1,032ffcdf-7692-40b3-b9ff-8def1fc18b2e,angelakilab,3614.328381,13.5150332,132.0945645,3741.229992,9326.778673,4089.242697
b40d8c65-7ee8-4069-8b64-1a3f7907742f,90d1e82c-c96f-496c-ad4e-ee3f02067f25,danlab,3830.589849,12.23058393,172.3113891,4304.201548,8708.569541,4193.646767
1e176f17-d00f-49bb-87ff-26d237b525f1,a8a8af78-16de-4841-ab07-fde4b5281a03,angelakilab,4508.939752,13.94757903,137.9244996,4068.081579,7879.710645,4926.001143
701026df-e170-4ca7-88aa-eb0b95ef6ba1,a8a8af78-16de-4841-ab07-fde4b5281a03,angelakilab,5637.052546,11.86668468,64.75698169,2496.26332,9465.712869,6116.581515
1bf5c05b-3654-4d5c-bac9-2b96edd12adf,259927fd-7563-4b03-bc5d-17b4d0fa7a55,mainenlab,4589.084051,13.32490927,146.1123074,5577.996714,4214.715587,5690.54025
1d237afc-ac2f-4bac-a163-a397fe09819f,259927fd-7563-4b03-bc5d-17b4d0fa7a55,mainenlab,6156.76309,6.323057732,15.38377605,3621.224072,7079.880739,6444.309741
45c49ba2-a113-4446-9c6d-9b049c1f9f74,2d5f6d81-38c4-4bdc-ac3c-302ea4d5f46e,churchlandlab,6767.91236,11.11865425,38.8601365,3083.718441,6918.869052,7140.878178
dec6ad00-01c8-4bfd-bcdc-b37c5e0cdb0e,2d5f6d81-38c4-4bdc-ac3c-302ea4d5f46e,churchlandlab,3684.148397,17.32818034,152.3776507,4947.235532,6933.755439,3991.941197
c2363000-27a6-461e-940b-15f681496ed8,4fa70097-8101-4f10-b585-db39429c5ed0,danlab,4043.759111,11.56244802,157.3364869,3947.929376,7087.306146,4586.698407
55001cb4-e10f-4657-9760-1228b590a69c,cb2ad999-a6cb-42ff-bf71-1774c57e5308,mainenlab,4943.775398,10.9024135,19.04380448,4091.125959,7755.098307,5029.543942
8f4fd564-7e34-4113-a6e4-ae40faa64f7a,cb2ad999-a6cb-42ff-bf71-1774c57e5308,mainenlab,3970.460145,23.22294881,130.5573942,5217.962835,5214.466553,4873.763455
0393f34c-a2bd-4c01-99c9-f6b4ec6e786d,b52182e7-39f6-4914-9717-136db589706e,churchlandlab,4277.24716,15.4943722,153.5987683,4608.71347,8305.074903,4521.797873
ca073754-be17-43b7-a38a-0c1e5563ff32,d33baf74-263c-4b37-a0d0-b79dcb80a764,mainenlab,6367.243534,7.569092738,-5.766532039,4040.540213,6840.731096,6561.764083
6d3b68e0-3efd-4b03-b747-16e44118a0a9,3e7ae7c0-fe8b-487c-9354-036236fa1010,zadorlab,6352.758687,20.47354129,22.16037031,4342.103053,8038.152224,6176.479139
ae2b9f1b-ebe3-4b56-8957-31982186e6ec,d839491f-55d8-4cbe-a298-7839208ba12b,churchlandlab,3892.822923,18.43701213,136.8883079,5223.768838,5166.397085,4768.011756
c536b0a9-b710-43c3-ba2c-5a0cccf98ec2,d839491f-55d8-4cbe-a298-7839208ba12b,churchlandlab,6552.72149,10.95857964,27.30903656,2193.168241,7871.499559,6958.231742
531423f6-d36d-472b-8234-c8f7b8293f79,c99d53e6-c317-4c53-99ba-070b26673ac4,churchlandlab,4399.801955,15.82752071,154.258897,4580.930108,7896.171907,4682.992699
f86e9571-63ff-4116-9c40-aa44d57d2da9,4b7fbad4-f6de-43b4-9b15-c7c7ef44db4b,churchlandlab,4381.272307,14.66322673,151.8957555,4453.29513,8122.45409,4663.576104
fd555d39-b728-44aa-90d2-796b8bb58300,4b7fbad4-f6de-43b4-9b15-c7c7ef44db4b,churchlandlab,7051.607557,18.42337138,31.68970134,2778.703977,6020.705479,7565.192763
31f0400a-71f5-436c-ada4-dce50627dc73,53738f95-bd08-4d9d-9133-483fdb19e8da,mainenlab,6995.020693,18.17087421,17.78242623,2397.810057,7466.210008,6971.183918
45e7731f-4a43-45d5-9029-c080150bc596,aad23144-0e52-4eac-80c5-c4ee2decb198,cortexlab,4261.706606,16.00778043,37.58403358,5768.668286,4266.808613,5371.455766
b749446c-18e3-4987-820a-50649ab0f826,aad23144-0e52-4eac-80c5-c4ee2decb198,cortexlab,4054.062191,9.867575428,147.0040114,4107.693756,7678.347752,4444.088283
e8f9fba4-d151-4b00-bee7-447f0f3e752c,21e16736-fd59-44c7-b938-9b1333d25da8,mainenlab,6998.921477,11.06578982,12.04338332,2986.222025,7105.292009,7193.79361
3675290c-8134-4598-b924-83edb7940269,15f742e1-1043-45c9-9504-f1e8a53c1744,cortexlab,4734.241532,3.24179245,-13.55848534,4689.7408,9262.23625,5251.665711
82765a73-2a03-42ca-ba98-194247caa62e,15f742e1-1043-45c9-9504-f1e8a53c1744,cortexlab,4887.163993,4.86618985,134.1068982,3581.364767,8037.514163,5344.548343
15a2a63f-739d-4eb0-ab8f-fc95b6299b68,dd87e278-999d-478b-8cbd-b5bf92b84763,cortexlab,5837.460939,7.539717004,162.509116,5180.539217,9530.210349,6211.991089
46448da7-ad7b-4ca8-b3ab-2d1d47439cbf,dd87e278-999d-478b-8cbd-b5bf92b84763,cortexlab,4816.073224,2.22503583,-64.94754073,6970.823142,9030.609768,5187.442132
c0c3bcca-6a79-47ef-becb-b1a157a3f2cb,16c3667b-e0ea-43fb-9ad4-8dcd1e6c40e1,cortexlab,4858.330502,1.412941367,-25.48534026,6494.876238,9233.958147,5281.853306
d595ee58-75bb-4df3-96de-d9b4f4d1f6ab,16c3667b-e0ea-43fb-9ad4-8dcd1e6c40e1,cortexlab,4895.179106,6.284511872,167.958771,5507.378776,9349.975298,5340.761931
26af22bb-b295-4a45-8ed3-1700604c0708,a92c4b1d-46bd-457e-a1f4-414265f0e2d4,cortexlab,4151.521675,15.82933284,126.0561997,5441.519423,5015.495547,5069.089631
f44d2056-644c-4769-a189-7efe67b0269d,a92c4b1d-46bd-457e-a1f4-414265f0e2d4,cortexlab,5629.135409,11.34148109,10.61833172,4087.984938,8099.831758,5694.212693
ea931b15-6214-4b80-8d88-7acbbe071bc0,b9c205c3-feac-485b-a89d-afc96d9cb280,cortexlab,3912.990119,9.601120849,-36.07619386,7122.513809,8665.686063,4283.179983
6a22a5b4-79ec-4b3c-b023-1ec7b4a2b675,cc45c568-c3b9-4f74-836e-c87762e898c8,cortexlab,4209.184912,15.81966562,133.4140594,5943.125115,4669.962563,5249.759854
aab5be05-5c1c-4c08-9739-1274bc3bcf4f,cc45c568-c3b9-4f74-836e-c87762e898c8,cortexlab,6188.253685,10.25608308,10.47898553,3931.031249,7915.054447,6264.376529
adca9242-0725-41d4-8eb1-5655a464431d,a4000c2f-fa75-4b3e-8f06-a7cf599b87ad,cortexlab,4325.663855,15.01659584,124.5138641,5535.037085,5073.505888,5252.945974
e8129a86-b5a9-4d2e-9e9c-09689c9bf0b3,a4000c2f-fa75-4b3e-8f06-a7cf599b87ad,cortexlab,6824.924089,10.70290246,4.009231881,3206.935707,7586.750803,6931.193545
071f02e7-752a-4094-af79-8dd764e9d85d,e5fae088-ed96-4d9b-82f9-dfd13c259d52,mainenlab,4234.777838,11.11177589,151.2825191,4544.529016,7284.772814,4580.388774
31811232-52ef-456c-9772-5021c00b2bc9,6cf2a88a-515b-4f7f-89a2-7d53eab9b5f4,cortexlab,4728.218612,9.248071166,-12.84784125,7814.325508,7520.453003,5341.760173
fa539f97-a078-4fc6-9a12-237799466d9c,6cf2a88a-515b-4f7f-89a2-7d53eab9b5f4,cortexlab,5278.794499,12.13035404,-178.8579886,4021.727102,8484.327234,5810.92983
9150758e-1390-41d1-b426-96675e60dbea,e1931de1-cf7b-49af-af33-2ade15e8abe7,cortexlab,3960.056279,10.43749044,-35.96025925,7044.30718,8378.717043,4269.529786
fe2d6fc9-b0c4-4256-b427-9c06950da925,e1931de1-cf7b-49af-af33-2ade15e8abe7,cortexlab,5272.660272,11.21332703,167.3924796,5850.612038,8873.801192,5397.004922
11a5a93e-58a9-4ed0-995e-52279ec16b98,ebe090af-5922-4fcd-8fc6-17b8ba7bad6d,wittenlab,4055.266918,10.87685764,137.5780337,3942.030922,7640.970427,4507.414089
53ecbf4f-e0d8-4fe6-a852-8b934a37a1c2,16693458-0801-4d35-a3f1-9115c7e5acfd,cortexlab,4686.575001,5.786074619,-29.23769679,6687.718156,8569.227355,4937.698028
b543e81e-4c8f-415e-82ec-631b177d19d2,16693458-0801-4d35-a3f1-9115c7e5acfd,cortexlab,3152.238488,13.43355586,-174.3918263,5100.24576,8806.909387,3340.993198
5a34d971-1cb3-4f0e-8dfe-e51e2313a668,dd4da095-4a99-4bf3-9727-f735077dba66,mainenlab,4092.820324,13.9050591,137.3296474,5445.530902,3364.709101,5622.881313
8f2e16c4-893b-4f8f-bfb2-94fa452710ec,dd4da095-4a99-4bf3-9727-f735077dba66,mainenlab,3503.634294,12.21924225,34.09627331,3651.642147,7976.410031,3674.258996
958b1089-a066-43e2-990d-8aad703429a2,49368f16-de69-4647-9a7a-761e94517821,wittenlab,6377.748639,19.4749586,22.02032604,4228.803791,5222.228526,7012.860375
3283d8ec-1436-4529-8a16-941bbf65c91d,5139ce2c-7d52-44bf-8129-692d61dd6403,wittenlab,5845.299742,19.85996978,21.78610835,4381.052674,4887.007766,6572.654671
eb82b081-4edc-4d6a-89ee-3453d1c4c8f0,5139ce2c-7d52-44bf-8129-692d61dd6403,wittenlab,4309.883884,18.06702608,148.5402863,5965.147947,8222.581319,4272.382343
9e44ddb5-7c7c-48f1-954a-6cec2ad26088,5dcee0eb-b34d-4652-acc3-d10afc6eae68,cortexlab,3866.451142,12.00339897,167.177942,4159.053586,7753.450061,4256.912212
e49f221d-399d-4297-bb7d-2d23cc0e4acc,c7bf2d49-4937-4597-b307-9f39cb1c7b16,cortexlab,3706.837913,10.4190086,128.2175344,3939.720399,7676.683875,4120.717816
5246af08-0730-40f7-83de-29b5d62b9b6d,c51f34d8-42f6-4c9c-bb5b-669fd9c42cd9,angelakilab,4143.624034,7.406122585,-157.5866759,3880.586998,7583.762939,4584.05541
bf96f6d6-4726-4cfa-804a-bca8f9262721,f140a2ec-fd49-4814-994a-fe3476f14e66,angelakilab,4912.821491,10.96536828,164.1385141,4348.914744,8130.409445,5248.124848
bc1602ba-dd6c-4ae4-bcb2-4925e7c8632a,30c4e2ab-dffc-499d-aae4-e51d6b3218c2,mainenlab,4192.470819,10.89021306,-179.874174,4092.071991,6973.260545,4691.968606
1f3d3fcb-f188-47a2-87e5-ac1db6cf393a,0cad7ea8-8e6c-4ad1-a5c5-53fbb2df1a63,cortexlab,3798.1119,15.72466519,161.9275743,4478.562143,8244.322235,4080.968195
a12c8ae8-d5ad-4d15-b805-436ad23e5ad1,d9f0c293-df4c-410a-846d-842e47c6b502,wittenlab,3962.299442,14.25469396,149.75825,4467.869866,7716.384551,4265.303176
41a3b948-13f4-4be7-90b9-150705d39005,7691eeb3-715b-4571-8fda-6bb57aab8253,angelakilab,4854.711276,12.33680369,-138.329447,3749.803208,6885.389511,5367.608875
6e1379e8-3af0-4fc5-8ba8-37d3bb02226b,754b74d5-7a06-4004-ae0c-72a10b6ed2e6,angelakilab,4062.284001,10.24891522,157.0531778,4140.585739,7706.795617,4447.466468
7cbecb3f-6a8a-48e5-a3be-8f7a762b5a04,71e55bfe-5a3a-4cba-bdc7-f085140d798e,angelakilab,4861.153577,12.31755319,117.5755704,3830.059282,8969.223101,5224.251107
31f3e083-a324-4b88-b0a4-7788ec37b191,61e11a11-ab65-48fb-ae08-3cb80662e5d6,angelakilab,3390.81887,11.26088184,132.6099033,3998.276009,7737.327412,3775.539538
84bb830f-b9ff-4e6b-9296-f458fb41d160,c7248e09-8c0d-40f2-9eb4-700a8973d8c8,mainenlab,4033.794732,17.96323479,158.8457593,4210.215577,7623.952284,4462.165829
8b7c808f-763b-44c8-b273-63c6afbc6aae,41872d7f-75cb-4445-bb1a-132b354c44f0,mrsicflogellab,3507.156287,18.80014913,148.083609,4446.454637,7926.264223,3795.043962
19baa84c-22a5-4589-9cbd-c23f111c054c,862ade13-53cd-4221-a3fa-dda8643641f2,hoferlab,3777.510489,13.23723393,157.3115859,4236.026109,7903.247776,4127.143178
dc50c3de-5d84-4408-9725-22ae55b93522,38d95489-2e82-412a-8c1a-c5377b5f1555,mrsicflogellab,3451.612996,10.21337775,178.9187827,4404.212205,7587.001754,3746.919546
7f3dddf8-637f-47bb-a7b7-e303277b2107,57fd2325-67f4-4d45-9907-29e77d3043d7,churchlandlab,4024.762262,11.08483513,-155.6860132,4333.799103,8038.321992,4324.67463
ae252f7b-0224-4925-8174-7b25c2385bb7,572a95d1-39ca-42e1-8424-5c9ffcb2df87,cortexlab,3959.832497,14.9583121,137.0769945,4042.731236,7791.811897,4375.649157
9117969a-3f0d-478b-ad75-98263e3bfacf,b03fbc44-3d8e-4a6c-8a50-5ea3498568e0,danlab,4335.384111,11.19631502,180,4522.66068,7550,4627.871543
ca5764ea-a57e-49de-8156-84da18ad439f,e9b57a5a-b06d-476d-ad20-7ec42a16f5f5,zadorlab,3384.217864,11.27685517,160.7609824,4211.830542,7781.491914,3743.881246
b2746c16-7152-45a3-a7f0-477985638638,614e1937-4b24-4ad3-9055-c8253d089919,hoferlab,3942.163893,13.77424506,140.164718,4089.933454,8014.186327,4303.792797
